가게,ㄱㅏㄱㅔ,rkrp
가격,ㄱㅏㄱㅕㄱ,rkrur
가구,ㄱㅏㄱㅜ,rkrn
가까워지다,ㄱㅏㄲㅏㅇㅝㅈㅣㄷㅏ,rkRkdnjwlek
가까이,ㄱㅏㄲㅏㅇㅣ,rkRkdl
가깝다,ㄱㅏㄲㅏㅂㄷㅏ,rkRkqek
가꾸다,ㄱㅏㄲㅜㄷㅏ,rkRnek
가끔,ㄱㅏㄲㅡㅁ,rkRma
가난,ㄱㅏㄴㅏㄴ,rksks
가난하다,ㄱㅏㄴㅏㄴㅎㅏㄷㅏ,rksksgkek
가늘다,ㄱㅏㄴㅡㄹㄷㅏ,rksmfek
가능,ㄱㅏㄴㅡㅇ,rksmd
가능성,ㄱㅏㄴㅡㅇㅅㅓㅇ,rksmdtjd
가능하다,ㄱㅏㄴㅡㅇㅎㅏㄷㅏ,rksmdgkek
가능해지다,ㄱㅏㄴㅡㅇㅎㅐㅈㅣㄷㅏ,rksmdgowlek
가다,ㄱㅏㄷㅏ,rkek
가득,ㄱㅏㄷㅡㄱ,rkemr
가득하다,ㄱㅏㄷㅡㄱㅎㅏㄷㅏ,rkemrgkek
가득히,ㄱㅏㄷㅡㄱㅎㅣ,rkemrgl
가라앉다,ㄱㅏㄹㅏㅇㅏㄵㄷㅏ,rkfkdkswek
가려지다,ㄱㅏㄹㅕㅈㅣㄷㅏ,rkfuwlek
가령,ㄱㅏㄹㅕㅇ,rkfud
가로,ㄱㅏㄹㅗ,rkfh
가로등,ㄱㅏㄹㅗㄷㅡㅇ,rkfhemd
가로막다,ㄱㅏㄹㅗㅁㅏㄱㄷㅏ,rkfhakrek
가로수,ㄱㅏㄹㅗㅅㅜ,rkfhtn
가루,ㄱㅏㄹㅜ,rkfn
가르다,ㄱㅏㄹㅡㄷㅏ,rkfmek
가르치다,ㄱㅏㄹㅡㅊㅣㄷㅏ,rkfmclek
가르침,ㄱㅏㄹㅡㅊㅣㅁ,rkfmcla
가리다,ㄱㅏㄹㅣㄷㅏ,rkflek
가리키다,ㄱㅏㄹㅣㅋㅣㄷㅏ,rkflzlek
가만,ㄱㅏㅁㅏㄴ,rkaks
가만있다,ㄱㅏㅁㅏㄴㅇㅣㅆㄷㅏ,rkaksdlTek
가만히,ㄱㅏㅁㅏㄴㅎㅣ,rkaksgl
가뭄,ㄱㅏㅁㅜㅁ,rkana
가방,ㄱㅏㅂㅏㅇ,rkqkd
가볍다,ㄱㅏㅂㅕㅂㄷㅏ,rkquqek
가사,ㄱㅏㅅㅏ,rktk
가상,ㄱㅏㅅㅏㅇ,rktkd
가스,ㄱㅏㅅㅡ,rktm
가슴,ㄱㅏㅅㅡㅁ,rktma
가슴속,ㄱㅏㅅㅡㅁㅅㅗㄱ,rktmathr
가요,ㄱㅏㅇㅛ,rkdy
가운데,ㄱㅏㅇㅜㄴㄷㅔ,rkdnsep
가위,ㄱㅏㅇㅟ,rkdnl
가을,ㄱㅏㅇㅡㄹ,rkdmf
가이드,ㄱㅏㅇㅣㄷㅡ,rkdlem
가입,ㄱㅏㅇㅣㅂ,rkdlq
가입자,ㄱㅏㅇㅣㅂㅈㅏ,rkdlqwk
가입하다,ㄱㅏㅇㅣㅂㅎㅏㄷㅏ,rkdlqgkek
가장,ㄱㅏㅈㅏㅇ,rkwkd
가정,ㄱㅏㅈㅓㅇ,rkwjd
가정교사,ㄱㅏㅈㅓㅇㄱㅛㅅㅏ,rkwjdrytk
가져가다,ㄱㅏㅈㅕㄱㅏㄷㅏ,rkwurkek
가져다주다,ㄱㅏㅈㅕㄷㅏㅈㅜㄷㅏ,rkwuekwnek
가져오다,ㄱㅏㅈㅕㅇㅗㄷㅏ,rkwudhek
가족,ㄱㅏㅈㅗㄱ,rkwhr
가죽,ㄱㅏㅈㅜㄱ,rkwnr
가지,ㄱㅏㅈㅣ,rkwl
가지다,ㄱㅏㅈㅣㄷㅏ,rkwlek
가짜,ㄱㅏㅉㅏ,rkWk
가치,ㄱㅏㅊㅣ,rkcl
가치관,ㄱㅏㅊㅣㄱㅘㄴ,rkclrhks
가톨릭,ㄱㅏㅌㅗㄹㄹㅣㄱ,rkxhfflr
가하다,ㄱㅏㅎㅏㄷㅏ,rkgkek
각,ㄱㅏㄱ,rkr
각각,ㄱㅏㄱㄱㅏㄱ,rkrrkr
각국,ㄱㅏㄱㄱㅜㄱ,rkrrnr
각기,ㄱㅏㄱㄱㅣ,rkrrl
각오,ㄱㅏㄱㅇㅗ,rkrdh
각자,ㄱㅏㄱㅈㅏ,rkrwk
각종,ㄱㅏㄱㅈㅗㅇ,rkrwhd
간,ㄱㅏㄴ,rks
간1,ㄱㅏㄴ1,rks1
간격,ㄱㅏㄴㄱㅕㄱ,rksrur
간단하다,ㄱㅏㄴㄷㅏㄴㅎㅏㄷㅏ,rkseksgkek
간단히,ㄱㅏㄴㄷㅏㄴㅎㅣ,rkseksgl
간부,ㄱㅏㄴㅂㅜ,rksqn
간섭,ㄱㅏㄴㅅㅓㅂ,rkstjq
간식,ㄱㅏㄴㅅㅣㄱ,rkstlr
간신히,ㄱㅏㄴㅅㅣㄴㅎㅣ,rkstlsgl
간장,ㄱㅏㄴㅈㅏㅇ,rkswkd
간접,ㄱㅏㄴㅈㅓㅂ,rkswjq
간접적,ㄱㅏㄴㅈㅓㅂㅈㅓㄱ,rkswjqwjr
간판,ㄱㅏㄴㅍㅏㄴ,rksvks
간편하다,ㄱㅏㄴㅍㅕㄴㅎㅏㄷㅏ,rksvusgkek
간호,ㄱㅏㄴㅎㅗ,rksgh
간호사,ㄱㅏㄴㅎㅗㅅㅏ,rksghtk
간혹,ㄱㅏㄴㅎㅗㄱ,rksghr
갇히다,ㄱㅏㄷㅎㅣㄷㅏ,rkeglek
갈다,ㄱㅏㄹㄷㅏ,rkfek
갈등,ㄱㅏㄹㄷㅡㅇ,rkfemd
갈비,ㄱㅏㄹㅂㅣ,rkfql
갈비탕,ㄱㅏㄹㅂㅣㅌㅏㅇ,rkfqlxkd
갈색,ㄱㅏㄹㅅㅐㄱ,rkftor
갈수록,ㄱㅏㄹㅅㅜㄹㅗㄱ,rkftnfhr
갈아입다,ㄱㅏㄹㅇㅏㅇㅣㅂㄷㅏ,rkfdkdlqek
갈아타다,ㄱㅏㄹㅇㅏㅌㅏㄷㅏ,rkfdkxkek
갈증,ㄱㅏㄹㅈㅡㅇ,rkfwmd
감,ㄱㅏㅁ,rka
감각,ㄱㅏㅁㄱㅏㄱ,rkarkr
감기,ㄱㅏㅁㄱㅣ,rkarl
감다,ㄱㅏㅁㄷㅏ,rkaek
감독,ㄱㅏㅁㄷㅗㄱ,rkaehr
감동,ㄱㅏㅁㄷㅗㅇ,rkaehd
감동적,ㄱㅏㅁㄷㅗㅇㅈㅓㄱ,rkaehdwjr
감사,ㄱㅏㅁㅅㅏ,rkatk
감사하다,ㄱㅏㅁㅅㅏㅎㅏㄷㅏ,rkatkgkek
감상,ㄱㅏㅁㅅㅏㅇ,rkatkd
감상하다,ㄱㅏㅁㅅㅏㅇㅎㅏㄷㅏ,rkatkdgkek
감소,ㄱㅏㅁㅅㅗ,rkath
감소되다,ㄱㅏㅁㅅㅗㄷㅚㄷㅏ,rkathehlek
감소하다,ㄱㅏㅁㅅㅗㅎㅏㄷㅏ,rkathgkek
감수성,ㄱㅏㅁㅅㅜㅅㅓㅇ,rkatntjd
감싸다,ㄱㅏㅁㅆㅏㄷㅏ,rkaTkek
감옥,ㄱㅏㅁㅇㅗㄱ,rkadhr
감자,ㄱㅏㅁㅈㅏ,rkawk
감정,ㄱㅏㅁㅈㅓㅇ,rkawjd
감정적,ㄱㅏㅁㅈㅓㅇㅈㅓㄱ,rkawjdwjr
감추다,ㄱㅏㅁㅊㅜㄷㅏ,rkacnek
감히,ㄱㅏㅁㅎㅣ,rkagl
갑,ㄱㅏㅂ,rkq
갑자기,ㄱㅏㅂㅈㅏㄱㅣ,rkqwkrl
갑작스럽다,ㄱㅏㅂㅈㅏㄱㅅㅡㄹㅓㅂㄷㅏ,rkqwkrtmfjqek
값,ㄱㅏㅄ,rkqt
값싸다,ㄱㅏㅄㅆㅏㄷㅏ,rkqtTkek
강,ㄱㅏㅇ,rkd
강남,ㄱㅏㅇㄴㅏㅁ,rkdska
강당,ㄱㅏㅇㄷㅏㅇ,rkdekd
강도,ㄱㅏㅇㄷㅗ,rkdeh
강력하다,ㄱㅏㅇㄹㅕㄱㅎㅏㄷㅏ,rkdfurgkek
강력히,ㄱㅏㅇㄹㅕㄱㅎㅣ,rkdfurgl
강렬하다,ㄱㅏㅇㄹㅕㄹㅎㅏㄷㅏ,rkdfufgkek
강물,ㄱㅏㅇㅁㅜㄹ,rkdanf
강변,ㄱㅏㅇㅂㅕㄴ,rkdqus
강북,ㄱㅏㅇㅂㅜㄱ,rkdqnr
강사,ㄱㅏㅇㅅㅏ,rkdtk
강수량,ㄱㅏㅇㅅㅜㄹㅑㅇ,rkdtnfid
강아지,ㄱㅏㅇㅇㅏㅈㅣ,rkddkwl
강요하다,ㄱㅏㅇㅇㅛㅎㅏㄷㅏ,rkddygkek
강원도,ㄱㅏㅇㅇㅝㄴㄷㅗ,rkddnjseh
강의,ㄱㅏㅇㅇㅢ,rkddml
강의하다,ㄱㅏㅇㅇㅢㅎㅏㄷㅏ,rkddmlgkek
강제,ㄱㅏㅇㅈㅔ,rkdwp
강조,ㄱㅏㅇㅈㅗ,rkdwh
강조하다,ㄱㅏㅇㅈㅗㅎㅏㄷㅏ,rkdwhgkek
강하다,ㄱㅏㅇㅎㅏㄷㅏ,rkdgkek
강화하다,ㄱㅏㅇㅎㅘㅎㅏㄷㅏ,rkdghkgkek
갖가지,ㄱㅏㅈㄱㅏㅈㅣ,rkwrkwl
갖다,ㄱㅏㅈㄷㅏ,rkwek
갖추다,ㄱㅏㅈㅊㅜㄷㅏ,rkwcnek
같다,ㄱㅏㅌㄷㅏ,rkxek
같이,ㄱㅏㅌㅇㅣ,rkxdl
같이하다,ㄱㅏㅌㅇㅣㅎㅏㄷㅏ,rkxdlgkek
갚다,ㄱㅏㅍㄷㅏ,rkvek
개,ㄱㅐ,ro
개1,ㄱㅐ1,ro1
개개인,ㄱㅐㄱㅐㅇㅣㄴ,rorodls
개구리,ㄱㅐㄱㅜㄹㅣ,rornfl
개국,ㄱㅐㄱㅜㄱ,rornr
개나리,ㄱㅐㄴㅏㄹㅣ,roskfl
개다,ㄱㅐㄷㅏ,roek
개미,ㄱㅐㅁㅣ,roal
개발되다,ㄱㅐㅂㅏㄹㄷㅚㄷㅏ,roqkfehlek
개발하다,ㄱㅐㅂㅏㄹㅎㅏㄷㅏ,roqkfgkek
개방,ㄱㅐㅂㅏㅇ,roqkd
개방되다,ㄱㅐㅂㅏㅇㄷㅚㄷㅏ,roqkdehlek
개방하다,ㄱㅐㅂㅏㅇㅎㅏㄷㅏ,roqkdgkek
개별,ㄱㅐㅂㅕㄹ,roquf
개선,ㄱㅐㅅㅓㄴ,rotjs
개선되다,ㄱㅐㅅㅓㄴㄷㅚㄷㅏ,rotjsehlek
개선하다,ㄱㅐㅅㅓㄴㅎㅏㄷㅏ,rotjsgkek
개성,ㄱㅐㅅㅓㅇ,rotjd
개월,ㄱㅐㅇㅝㄹ,rodnjf
개인,ㄱㅐㅇㅣㄴ,rodls
개인적,ㄱㅐㅇㅣㄴㅈㅓㄱ,rodlswjr
객관적,ㄱㅐㄱㄱㅘㄴㅈㅓㄱ,rorrhkswjr
걔,ㄱㅒ,rO
거,ㄱㅓ,rj
거기,ㄱㅓㄱㅣ,rjrl
거꾸로,ㄱㅓㄲㅜㄹㅗ,rjRnfh
거대하다,ㄱㅓㄷㅐㅎㅏㄷㅏ,rjeogkek
거두다,ㄱㅓㄷㅜㄷㅏ,rjenek
거들다,ㄱㅓㄷㅡㄹㄷㅏ,rjemfek
거듭,ㄱㅓㄷㅡㅂ,rjemq
거리,ㄱㅓㄹㅣ,rjfl
거부하다,ㄱㅓㅂㅜㅎㅏㄷㅏ,rjqngkek
거실,ㄱㅓㅅㅣㄹ,rjtlf
거액,ㄱㅓㅇㅐㄱ,rjdor
거울,ㄱㅓㅇㅜㄹ,rjdnf
거의,ㄱㅓㅇㅢ,rjdml
거절하다,ㄱㅓㅈㅓㄹㅎㅏㄷㅏ,rjwjfgkek
거짓,ㄱㅓㅈㅣㅅ,rjwlt
거짓말,ㄱㅓㅈㅣㅅㅁㅏㄹ,rjwltakf
거치다,ㄱㅓㅊㅣㄷㅏ,rjclek
거칠다,ㄱㅓㅊㅣㄹㄷㅏ,rjclfek
거품,ㄱㅓㅍㅜㅁ,rjvna
걱정,ㄱㅓㄱㅈㅓㅇ,rjrwjd
걱정되다,ㄱㅓㄱㅈㅓㅇㄷㅚㄷㅏ,rjrwjdehlek
걱정스럽다,ㄱㅓㄱㅈㅓㅇㅅㅡㄹㅓㅂㄷㅏ,rjrwjdtmfjqek
걱정하다,ㄱㅓㄱㅈㅓㅇㅎㅏㄷㅏ,rjrwjdgkek
건,ㄱㅓㄴ,rjs
건강,ㄱㅓㄴㄱㅏㅇ,rjsrkd
건강하다,ㄱㅓㄴㄱㅏㅇㅎㅏㄷㅏ,rjsrkdgkek
건너,ㄱㅓㄴㄴㅓ,rjssj
건너가다,ㄱㅓㄴㄴㅓㄱㅏㄷㅏ,rjssjrkek
건너다,ㄱㅓㄴㄴㅓㄷㅏ,rjssjek
건너오다,ㄱㅓㄴㄴㅓㅇㅗㄷㅏ,rjssjdhek
건너편,ㄱㅓㄴㄴㅓㅍㅕㄴ,rjssjvus
건넌방,ㄱㅓㄴㄴㅓㄴㅂㅏㅇ,rjssjsqkd
건네다,ㄱㅓㄴㄴㅔㄷㅏ,rjsspek
건네주다,ㄱㅓㄴㄴㅔㅈㅜㄷㅏ,rjsspwnek
건드리다,ㄱㅓㄴㄷㅡㄹㅣㄷㅏ,rjsemflek
건물,ㄱㅓㄴㅁㅜㄹ,rjsanf
건설,ㄱㅓㄴㅅㅓㄹ,rjstjf
건설되다,ㄱㅓㄴㅅㅓㄹㄷㅚㄷㅏ,rjstjfehlek
건설하다,ㄱㅓㄴㅅㅓㄹㅎㅏㄷㅏ,rjstjfgkek
건전하다,ㄱㅓㄴㅈㅓㄴㅎㅏㄷㅏ,rjswjsgkek
건조,ㄱㅓㄴㅈㅗ,rjswh
건조하다,ㄱㅓㄴㅈㅗㅎㅏㄷㅏ,rjswhgkek
건지다,ㄱㅓㄴㅈㅣㄷㅏ,rjswlek
건축,ㄱㅓㄴㅊㅜㄱ,rjscnr
걷기,ㄱㅓㄷㄱㅣ,rjerl
걷다,ㄱㅓㄷㄷㅏ,rjeek
걸다,ㄱㅓㄹㄷㅏ,rjfek
걸리다,ㄱㅓㄹㄹㅣㄷㅏ,rjfflek
걸어가다,ㄱㅓㄹㅇㅓㄱㅏㄷㅏ,rjfdjrkek
걸어오다,ㄱㅓㄹㅇㅓㅇㅗㄷㅏ,rjfdjdhek
걸음,ㄱㅓㄹㅇㅡㅁ,rjfdma
걸치다,ㄱㅓㄹㅊㅣㄷㅏ,rjfclek
검다,ㄱㅓㅁㄷㅏ,rjaek
검사,ㄱㅓㅁㅅㅏ,rjatk
검은색,ㄱㅓㅁㅇㅡㄴㅅㅐㄱ,rjadmstor
검정색,ㄱㅓㅁㅈㅓㅇㅅㅐㄱ,rjawjdtor
검토,ㄱㅓㅁㅌㅗ,rjaxh
겁,ㄱㅓㅂ,rjq
겁나다,ㄱㅓㅂㄴㅏㄷㅏ,rjqskek
것,ㄱㅓㅅ,rjt
겉,ㄱㅓㅌ,rjx
게,ㄱㅔ,rp
게다가,ㄱㅔㄷㅏㄱㅏ,rpekrk
게시판,ㄱㅔㅅㅣㅍㅏㄴ,rptlvks
게으르다,ㄱㅔㅇㅡㄹㅡㄷㅏ,rpdmfmek
게임,ㄱㅔㅇㅣㅁ,rpdla
겨우,ㄱㅕㅇㅜ,rudn
겨울,ㄱㅕㅇㅜㄹ,rudnf
겨울철,ㄱㅕㅇㅜㄹㅊㅓㄹ,rudnfcjf
겨자,ㄱㅕㅈㅏ,ruwk
겪다,ㄱㅕㄲㄷㅏ,ruRek
견디다,ㄱㅕㄴㄷㅣㄷㅏ,ruselek
견해,ㄱㅕㄴㅎㅐ,rusgo
결과,ㄱㅕㄹㄱㅘ,rufrhk
결과적,ㄱㅕㄹㄱㅘㅈㅓㄱ,rufrhkwjr
결국,ㄱㅕㄹㄱㅜㄱ,rufrnr
결론,ㄱㅕㄹㄹㅗㄴ,ruffhs
결석,ㄱㅕㄹㅅㅓㄱ,ruftjr
결석하다,ㄱㅕㄹㅅㅓㄱㅎㅏㄷㅏ,ruftjrgkek
결승,ㄱㅕㄹㅅㅡㅇ,ruftmd
결심,ㄱㅕㄹㅅㅣㅁ,ruftla
결심하다,ㄱㅕㄹㅅㅣㅁㅎㅏㄷㅏ,ruftlagkek
결정,ㄱㅕㄹㅈㅓㅇ,rufwjd
결정되다,ㄱㅕㄹㅈㅓㅇㄷㅚㄷㅏ,rufwjdehlek
결정하다,ㄱㅕㄹㅈㅓㅇㅎㅏㄷㅏ,rufwjdgkek
결코,ㄱㅕㄹㅋㅗ,rufzh
결혼,ㄱㅕㄹㅎㅗㄴ,rufghs
결혼식,ㄱㅕㄹㅎㅗㄴㅅㅣㄱ,rufghstlr
결혼하다,ㄱㅕㄹㅎㅗㄴㅎㅏㄷㅏ,rufghsgkek
경계,ㄱㅕㅇㄱㅖ,rudrP
경고,ㄱㅕㅇㄱㅗ,rudrh
경고하다,ㄱㅕㅇㄱㅗㅎㅏㄷㅏ,rudrhgkek
경기,ㄱㅕㅇㄱㅣ,rudrl
경기11,ㄱㅕㅇㄱㅣ11,rudrl11
경기도,ㄱㅕㅇㄱㅣㄷㅗ,rudrleh
경기장,ㄱㅕㅇㄱㅣㅈㅏㅇ,rudrlwkd
경력,ㄱㅕㅇㄹㅕㄱ,rudfur
경복궁,ㄱㅕㅇㅂㅗㄱㄱㅜㅇ,rudqhrrnd
경비,ㄱㅕㅇㅂㅣ,rudql
경상도,ㄱㅕㅇㅅㅏㅇㄷㅗ,rudtkdeh
경영,ㄱㅕㅇㅇㅕㅇ,ruddud
경영하다,ㄱㅕㅇㅇㅕㅇㅎㅏㄷㅏ,ruddudgkek
경우,ㄱㅕㅇㅇㅜ,ruddn
경쟁,ㄱㅕㅇㅈㅐㅇ,rudwod
경쟁력,ㄱㅕㅇㅈㅐㅇㄹㅕㄱ,rudwodfur
경제,ㄱㅕㅇㅈㅔ,rudwp
경제력,ㄱㅕㅇㅈㅔㄹㅕㄱ,rudwpfur
경제적,ㄱㅕㅇㅈㅔㅈㅓㄱ,rudwpwjr
경제학,ㄱㅕㅇㅈㅔㅎㅏㄱ,rudwpgkr
경주,ㄱㅕㅇㅈㅜ,rudwn
경찰,ㄱㅕㅇㅊㅏㄹ,rudckf
경찰관,ㄱㅕㅇㅊㅏㄹㄱㅘㄴ,rudckfrhks
경찰서,ㄱㅕㅇㅊㅏㄹㅅㅓ,rudckftj
경치,ㄱㅕㅇㅊㅣ,rudcl
경향,ㄱㅕㅇㅎㅑㅇ,rudgid
경험,ㄱㅕㅇㅎㅓㅁ,rudgja
경험하다,ㄱㅕㅇㅎㅓㅁㅎㅏㄷㅏ,rudgjagkek
곁,ㄱㅕㅌ,rux
계곡,ㄱㅖㄱㅗㄱ,rPrhr
계단,ㄱㅖㄷㅏㄴ,rPeks
계란,ㄱㅖㄹㅏㄴ,rPfks
계산,ㄱㅖㅅㅏㄴ,rPtks
계산기,ㄱㅖㅅㅏㄴㄱㅣ,rPtksrl
계산하다,ㄱㅖㅅㅏㄴㅎㅏㄷㅏ,rPtksgkek
계속,ㄱㅖㅅㅗㄱ,rPthr
계속되다,ㄱㅖㅅㅗㄱㄷㅚㄷㅏ,rPthrehlek
계속하다,ㄱㅖㅅㅗㄱㅎㅏㄷㅏ,rPthrgkek
계시다,ㄱㅖㅅㅣㄷㅏ,rPtlek
계약,ㄱㅖㅇㅑㄱ,rPdir
계절,ㄱㅖㅈㅓㄹ,rPwjf
계좌,ㄱㅖㅈㅘ,rPwhk
계층,ㄱㅖㅊㅡㅇ,rPcmd
계획,ㄱㅖㅎㅚㄱ,rPghlr
계획하다,ㄱㅖㅎㅚㄱㅎㅏㄷㅏ,rPghlrgkek
고개,ㄱㅗㄱㅐ,rhro
고객,ㄱㅗㄱㅐㄱ,rhror
고교,ㄱㅗㄱㅛ,rhry
고구려,ㄱㅗㄱㅜㄹㅕ,rhrnfu
고구마,ㄱㅗㄱㅜㅁㅏ,rhrnak
고궁,ㄱㅗㄱㅜㅇ,rhrnd
고급,ㄱㅗㄱㅡㅂ,rhrmq
고급스럽다,ㄱㅗㄱㅡㅂㅅㅡㄹㅓㅂㄷㅏ,rhrmqtmfjqek
고기,ㄱㅗㄱㅣ,rhrl
고등학교,ㄱㅗㄷㅡㅇㅎㅏㄱㄱㅛ,rhemdgkrry
고등학생,ㄱㅗㄷㅡㅇㅎㅏㄱㅅㅐㅇ,rhemdgkrtod
고려,ㄱㅗㄹㅕ,rhfu
고려하다,ㄱㅗㄹㅕㅎㅏㄷㅏ,rhfugkek
고르다,ㄱㅗㄹㅡㄷㅏ,rhfmek
고맙다,ㄱㅗㅁㅏㅂㄷㅏ,rhakqek
고모,ㄱㅗㅁㅗ,rhah
고모부,ㄱㅗㅁㅗㅂㅜ,rhahqn
고무신,ㄱㅗㅁㅜㅅㅣㄴ,rhantls
고민,ㄱㅗㅁㅣㄴ,rhals
고민하다,ㄱㅗㅁㅣㄴㅎㅏㄷㅏ,rhalsgkek
고생,ㄱㅗㅅㅐㅇ,rhtod
고생하다,ㄱㅗㅅㅐㅇㅎㅏㄷㅏ,rhtodgkek
고소하다,ㄱㅗㅅㅗㅎㅏㄷㅏ,rhthgkek
고속,ㄱㅗㅅㅗㄱ,rhthr
고속도로,ㄱㅗㅅㅗㄱㄷㅗㄹㅗ,rhthrehfh
고속버스,ㄱㅗㅅㅗㄱㅂㅓㅅㅡ,rhthrqjtm
고양이,ㄱㅗㅇㅑㅇㅇㅣ,rhdiddl
고요하다,ㄱㅗㅇㅛㅎㅏㄷㅏ,rhdygkek
고작,ㄱㅗㅈㅏㄱ,rhwkr
고장,ㄱㅗㅈㅏㅇ,rhwkd
고장11,ㄱㅗㅈㅏㅇ11,rhwkd11
고전,ㄱㅗㅈㅓㄴ,rhwjs
고집,ㄱㅗㅈㅣㅂ,rhwlq
고집하다,ㄱㅗㅈㅣㅂㅎㅏㄷㅏ,rhwlqgkek
고추,ㄱㅗㅊㅜ,rhcn
고추장,ㄱㅗㅊㅜㅈㅏㅇ,rhcnwkd
고춧가루,ㄱㅗㅊㅜㅅㄱㅏㄹㅜ,rhcntrkfn
고치다,ㄱㅗㅊㅣㄷㅏ,rhclek
고통,ㄱㅗㅌㅗㅇ,rhxhd
고통스럽다,ㄱㅗㅌㅗㅇㅅㅡㄹㅓㅂㄷㅏ,rhxhdtmfjqek
고프다,ㄱㅗㅍㅡㄷㅏ,rhvmek
고함,ㄱㅗㅎㅏㅁ,rhgka
고향,ㄱㅗㅎㅑㅇ,rhgid
곡,ㄱㅗㄱ,rhr
곡식,ㄱㅗㄱㅅㅣㄱ,rhrtlr
곤란하다,ㄱㅗㄴㄹㅏㄴㅎㅏㄷㅏ,rhsfksgkek
곧,ㄱㅗㄷ,rhe
곧다,ㄱㅗㄷㄷㅏ,rheek
곧바로,ㄱㅗㄷㅂㅏㄹㅗ,rheqkfh
곧이어,ㄱㅗㄷㅇㅣㅇㅓ,rhedldj
곧잘,ㄱㅗㄷㅈㅏㄹ,rhewkf
곧장,ㄱㅗㄷㅈㅏㅇ,rhewkd
골14,ㄱㅗㄹ14,rhf14
골고루,ㄱㅗㄹㄱㅗㄹㅜ,rhfrhfn
골목,ㄱㅗㄹㅁㅗㄱ,rhfahr
골목길,ㄱㅗㄹㅁㅗㄱㄱㅣㄹ,rhfahrrlf
골짜기,ㄱㅗㄹㅉㅏㄱㅣ,rhfWkrl
골치,ㄱㅗㄹㅊㅣ,rhfcl
골프,ㄱㅗㄹㅍㅡ,rhfvm
골프장,ㄱㅗㄹㅍㅡㅈㅏㅇ,rhfvmwkd
곰,ㄱㅗㅁ,rha
곱다,ㄱㅗㅂㄷㅏ,rhqek
곳,ㄱㅗㅅ,rht
곳곳,ㄱㅗㅅㄱㅗㅅ,rhtrht
공,ㄱㅗㅇ,rhd
공간,ㄱㅗㅇㄱㅏㄴ,rhdrks
공개,ㄱㅗㅇㄱㅐ,rhdro
공개하다,ㄱㅗㅇㄱㅐㅎㅏㄷㅏ,rhdrogkek
공격,ㄱㅗㅇㄱㅕㄱ,rhdrur
공격하다,ㄱㅗㅇㄱㅕㄱㅎㅏㄷㅏ,rhdrurgkek
공공,ㄱㅗㅇㄱㅗㅇ,rhdrhd
공군,ㄱㅗㅇㄱㅜㄴ,rhdrns
공급,ㄱㅗㅇㄱㅡㅂ,rhdrmq
공기,ㄱㅗㅇㄱㅣ,rhdrl
공동,ㄱㅗㅇㄷㅗㅇ,rhdehd
공무원,ㄱㅗㅇㅁㅜㅇㅝㄴ,rhdandnjs
공부,ㄱㅗㅇㅂㅜ,rhdqn
공부하다,ㄱㅗㅇㅂㅜㅎㅏㄷㅏ,rhdqngkek
공사,ㄱㅗㅇㅅㅏ,rhdtk
공식,ㄱㅗㅇㅅㅣㄱ,rhdtlr
공식적,ㄱㅗㅇㅅㅣㄱㅈㅓㄱ,rhdtlrwjr
공업,ㄱㅗㅇㅇㅓㅂ,rhddjq
공연,ㄱㅗㅇㅇㅕㄴ,rhddus
공연되다,ㄱㅗㅇㅇㅕㄴㄷㅚㄷㅏ,rhddusehlek
공연장,ㄱㅗㅇㅇㅕㄴㅈㅏㅇ,rhdduswkd
공연하다,ㄱㅗㅇㅇㅕㄴㅎㅏㄷㅏ,rhddusgkek
공연히,ㄱㅗㅇㅇㅕㄴㅎㅣ,rhddusgl
공원,ㄱㅗㅇㅇㅝㄴ,rhddnjs
공장,ㄱㅗㅇㅈㅏㅇ,rhdwkd
공주,ㄱㅗㅇㅈㅜ,rhdwn
공중,ㄱㅗㅇㅈㅜㅇ,rhdwnd
공중전화,ㄱㅗㅇㅈㅜㅇㅈㅓㄴㅎㅘ,rhdwndwjsghk
공짜,ㄱㅗㅇㅉㅏ,rhdWk
공책,ㄱㅗㅇㅊㅐㄱ,rhdcor
공통,ㄱㅗㅇㅌㅗㅇ,rhdxhd
공통되다,ㄱㅗㅇㅌㅗㅇㄷㅚㄷㅏ,rhdxhdehlek
공통적,ㄱㅗㅇㅌㅗㅇㅈㅓㄱ,rhdxhdwjr
공통점,ㄱㅗㅇㅌㅗㅇㅈㅓㅁ,rhdxhdwja
공포,ㄱㅗㅇㅍㅗ,rhdvh
공항,ㄱㅗㅇㅎㅏㅇ,rhdgkd
공항버스,ㄱㅗㅇㅎㅏㅇㅂㅓㅅㅡ,rhdgkdqjtm
공해,ㄱㅗㅇㅎㅐ,rhdgo
공휴일,ㄱㅗㅇㅎㅠㅇㅣㄹ,rhdgbdlf
과,ㄱㅘ,rhk
과거,ㄱㅘㄱㅓ,rhkrj
과목,ㄱㅘㅁㅗㄱ,rhkahr
과연,ㄱㅘㅇㅕㄴ,rhkdus
과외,ㄱㅘㅇㅚ,rhkdhl
과일,ㄱㅘㅇㅣㄹ,rhkdlf
과자,ㄱㅘㅈㅏ,rhkwk
과장,ㄱㅘㅈㅏㅇ,rhkwkd
과정,ㄱㅘㅈㅓㅇ,rhkwjd
과제,ㄱㅘㅈㅔ,rhkwp
과학,ㄱㅘㅎㅏㄱ,rhkgkr
과학자,ㄱㅘㅎㅏㄱㅈㅏ,rhkgkrwk
과학적,ㄱㅘㅎㅏㄱㅈㅓㄱ,rhkgkrwjr
관객,ㄱㅘㄴㄱㅐㄱ,rhksror
관계,ㄱㅘㄴㄱㅖ,rhksrP
관계되다,ㄱㅘㄴㄱㅖㄷㅚㄷㅏ,rhksrPehlek
관계없이,ㄱㅘㄴㄱㅖㅇㅓㅄㅇㅣ,rhksrPdjqtdl
관계자,ㄱㅘㄴㄱㅖㅈㅏ,rhksrPwk
관광,ㄱㅘㄴㄱㅘㅇ,rhksrhkd
관광객,ㄱㅘㄴㄱㅘㅇㄱㅐㄱ,rhksrhkdror
관광버스,ㄱㅘㄴㄱㅘㅇㅂㅓㅅㅡ,rhksrhkdqjtm
관광지,ㄱㅘㄴㄱㅘㅇㅈㅣ,rhksrhkdwl
관념,ㄱㅘㄴㄴㅕㅁ,rhkssua
관람,ㄱㅘㄴㄹㅏㅁ,rhksfka
관람객,ㄱㅘㄴㄹㅏㅁㄱㅐㄱ,rhksfkaror
관련,ㄱㅘㄴㄹㅕㄴ,rhksfus
관련되다,ㄱㅘㄴㄹㅕㄴㄷㅚㄷㅏ,rhksfusehlek
관련하다,ㄱㅘㄴㄹㅕㄴㅎㅏㄷㅏ,rhksfusgkek
관리,ㄱㅘㄴㄹㅣ,rhksfl
관리하다,ㄱㅘㄴㄹㅣㅎㅏㄷㅏ,rhksflgkek
관습,ㄱㅘㄴㅅㅡㅂ,rhkstmq
관심,ㄱㅘㄴㅅㅣㅁ,rhkstla
관심사,ㄱㅘㄴㅅㅣㅁㅅㅏ,rhkstlatk
관점,ㄱㅘㄴㅈㅓㅁ,rhkswja
관찰,ㄱㅘㄴㅊㅏㄹ,rhksckf
관찰하다,ㄱㅘㄴㅊㅏㄹㅎㅏㄷㅏ,rhksckfgkek
관하다,ㄱㅘㄴㅎㅏㄷㅏ,rhksgkek
광경,ㄱㅘㅇㄱㅕㅇ,rhkdrud
광고,ㄱㅘㅇㄱㅗ,rhkdrh
광장,ㄱㅘㅇㅈㅏㅇ,rhkdwkd
광주,ㄱㅘㅇㅈㅜ,rhkdwn
괜찮다,ㄱㅙㄴㅊㅏㄶㄷㅏ,rhoscksgek
괜히,ㄱㅙㄴㅎㅣ,rhosgl
괴로움,ㄱㅚㄹㅗㅇㅜㅁ,rhlfhdna
괴로워하다,ㄱㅚㄹㅗㅇㅝㅎㅏㄷㅏ,rhlfhdnjgkek
괴롭다,ㄱㅚㄹㅗㅂㄷㅏ,rhlfhqek
괴롭히다,ㄱㅚㄹㅗㅂㅎㅣㄷㅏ,rhlfhqglek
굉장하다,ㄱㅚㅇㅈㅏㅇㅎㅏㄷㅏ,rhldwkdgkek
굉장히,ㄱㅚㅇㅈㅏㅇㅎㅣ,rhldwkdgl
교과서,ㄱㅛㄱㅘㅅㅓ,ryrhktj
교내,ㄱㅛㄴㅐ,ryso
교대,ㄱㅛㄷㅐ,ryeo
교류,ㄱㅛㄹㅠ,ryfb
교문,ㄱㅛㅁㅜㄴ,ryans
교복,ㄱㅛㅂㅗㄱ,ryqhr
교사,ㄱㅛㅅㅏ,rytk
교수,ㄱㅛㅅㅜ,rytn
교시,ㄱㅛㅅㅣ,rytl
교실,ㄱㅛㅅㅣㄹ,rytlf
교양,ㄱㅛㅇㅑㅇ,rydid
교외,ㄱㅛㅇㅚ,rydhl
교육,ㄱㅛㅇㅠㄱ,rydbr
교육비,ㄱㅛㅇㅠㄱㅂㅣ,rydbrql
교육자,ㄱㅛㅇㅠㄱㅈㅏ,rydbrwk
교장,ㄱㅛㅈㅏㅇ,rywkd
교재,ㄱㅛㅈㅐ,rywo
교직,ㄱㅛㅈㅣㄱ,rywlr
교체,ㄱㅛㅊㅔ,rycp
교통,ㄱㅛㅌㅗㅇ,ryxhd
교통사고,ㄱㅛㅌㅗㅇㅅㅏㄱㅗ,ryxhdtkrh
교포,ㄱㅛㅍㅗ,ryvh
교환,ㄱㅛㅎㅘㄴ,ryghks
교환하다,ㄱㅛㅎㅘㄴㅎㅏㄷㅏ,ryghksgkek
교회,ㄱㅛㅎㅚ,ryghl
교훈,ㄱㅛㅎㅜㄴ,rygns
구,ㄱㅜ,rn
구경,ㄱㅜㄱㅕㅇ,rnrud
구경하다,ㄱㅜㄱㅕㅇㅎㅏㄷㅏ,rnrudgkek
구두,ㄱㅜㄷㅜ,rnen
구르다,ㄱㅜㄹㅡㄷㅏ,rnfmek
구름,ㄱㅜㄹㅡㅁ,rnfma
구멍,ㄱㅜㅁㅓㅇ,rnajd
구별,ㄱㅜㅂㅕㄹ,rnquf
구별되다,ㄱㅜㅂㅕㄹㄷㅚㄷㅏ,rnqufehlek
구별하다,ㄱㅜㅂㅕㄹㅎㅏㄷㅏ,rnqufgkek
구분,ㄱㅜㅂㅜㄴ,rnqns
구분되다,ㄱㅜㅂㅜㄴㄷㅚㄷㅏ,rnqnsehlek
구분하다,ㄱㅜㅂㅜㄴㅎㅏㄷㅏ,rnqnsgkek
구석,ㄱㅜㅅㅓㄱ,rntjr
구석구석,ㄱㅜㅅㅓㄱㄱㅜㅅㅓㄱ,rntjrrntjr
구성,ㄱㅜㅅㅓㅇ,rntjd
구성되다,ㄱㅜㅅㅓㅇㄷㅚㄷㅏ,rntjdehlek
구성하다,ㄱㅜㅅㅓㅇㅎㅏㄷㅏ,rntjdgkek
구속,ㄱㅜㅅㅗㄱ,rnthr
구속되다,ㄱㅜㅅㅗㄱㄷㅚㄷㅏ,rnthrehlek
구속하다,ㄱㅜㅅㅗㄱㅎㅏㄷㅏ,rnthrgkek
구십,ㄱㅜㅅㅣㅂ,rntlq
구역,ㄱㅜㅇㅕㄱ,rndur
구월,ㄱㅜㅇㅝㄹ,rndnjf
구입,ㄱㅜㅇㅣㅂ,rndlq
구입하다,ㄱㅜㅇㅣㅂㅎㅏㄷㅏ,rndlqgkek
구조,ㄱㅜㅈㅗ,rnwh
구청,ㄱㅜㅊㅓㅇ,rncjd
구체적,ㄱㅜㅊㅔㅈㅓㄱ,rncpwjr
구하다,ㄱㅜㅎㅏㄷㅏ,rngkek
국,ㄱㅜㄱ,rnr
국가,ㄱㅜㄱㄱㅏ,rnrrk
국가적,ㄱㅜㄱㄱㅏㅈㅓㄱ,rnrrkwjr
국기,ㄱㅜㄱㄱㅣ,rnrrl
국내,ㄱㅜㄱㄴㅐ,rnrso
국내선,ㄱㅜㄱㄴㅐㅅㅓㄴ,rnrsotjs
국내외,ㄱㅜㄱㄴㅐㅇㅚ,rnrsodhl
국립,ㄱㅜㄱㄹㅣㅂ,rnrflq
국물,ㄱㅜㄱㅁㅜㄹ,rnranf
국민,ㄱㅜㄱㅁㅣㄴ,rnrals
국민적,ㄱㅜㄱㅁㅣㄴㅈㅓㄱ,rnralswjr
국사,ㄱㅜㄱㅅㅏ,rnrtk
국산,ㄱㅜㄱㅅㅏㄴ,rnrtks
국수,ㄱㅜㄱㅅㅜ,rnrtn
국어,ㄱㅜㄱㅇㅓ,rnrdj
국왕,ㄱㅜㄱㅇㅘㅇ,rnrdhkd
국적,ㄱㅜㄱㅈㅓㄱ,rnrwjr
국제,ㄱㅜㄱㅈㅔ,rnrwp
국제선,ㄱㅜㄱㅈㅔㅅㅓㄴ,rnrwptjs
국제적,ㄱㅜㄱㅈㅔㅈㅓㄱ,rnrwpwjr
국제화,ㄱㅜㄱㅈㅔㅎㅘ,rnrwpghk
국회,ㄱㅜㄱㅎㅚ,rnrghl
국회의원,ㄱㅜㄱㅎㅚㅇㅢㅇㅝㄴ,rnrghldmldnjs
군,ㄱㅜㄴ,rns
군대,ㄱㅜㄴㄷㅐ,rnseo
군데,ㄱㅜㄴㄷㅔ,rnsep
군사,ㄱㅜㄴㅅㅏ,rnstk
군인,ㄱㅜㄴㅇㅣㄴ,rnsdls
굳다,ㄱㅜㄷㄷㅏ,rneek
굳어지다,ㄱㅜㄷㅇㅓㅈㅣㄷㅏ,rnedjwlek
굳이,ㄱㅜㄷㅇㅣ,rnedl
굳히다,ㄱㅜㄷㅎㅣㄷㅏ,rneglek
굵다,ㄱㅜㄺㄷㅏ,rnfrek
굶다,ㄱㅜㄻㄷㅏ,rnfaek
굽다,ㄱㅜㅂㄷㅏ,rnqek
굽히다,ㄱㅜㅂㅎㅣㄷㅏ,rnqglek
궁극적,ㄱㅜㅇㄱㅡㄱㅈㅓㄱ,rndrmrwjr
궁금하다,ㄱㅜㅇㄱㅡㅁㅎㅏㄷㅏ,rndrmagkek
권,ㄱㅝㄴ,rnjs
권리,ㄱㅝㄴㄹㅣ,rnjsfl
권위,ㄱㅝㄴㅇㅟ,rnjsdnl
권투,ㄱㅝㄴㅌㅜ,rnjsxn
권하다,ㄱㅝㄴㅎㅏㄷㅏ,rnjsgkek
귀,ㄱㅟ,rnl
귀가,ㄱㅟㄱㅏ,rnlrk
귀가하다,ㄱㅟㄱㅏㅎㅏㄷㅏ,rnlrkgkek
귀국,ㄱㅟㄱㅜㄱ,rnlrnr
귀국하다,ㄱㅟㄱㅜㄱㅎㅏㄷㅏ,rnlrnrgkek
귀신,ㄱㅟㅅㅣㄴ,rnltls
귀엽다,ㄱㅟㅇㅕㅂㄷㅏ,rnlduqek
귀중하다,ㄱㅟㅈㅜㅇㅎㅏㄷㅏ,rnlwndgkek
귀찮다,ㄱㅟㅊㅏㄶㄷㅏ,rnlcksgek
귀하다,ㄱㅟㅎㅏㄷㅏ,rnlgkek
귓속,ㄱㅟㅅㅅㅗㄱ,rnltthr
규모,ㄱㅠㅁㅗ,rbah
규정,ㄱㅠㅈㅓㅇ,rbwjd
규칙,ㄱㅠㅊㅣㄱ,rbclr
규칙적,ㄱㅠㅊㅣㄱㅈㅓㄱ,rbclrwjr
균형,ㄱㅠㄴㅎㅕㅇ,rbsgud
귤,ㄱㅠㄹ,rbf
그,ㄱㅡ,rm
그간,ㄱㅡㄱㅏㄴ,rmrks
그거,ㄱㅡㄱㅓ,rmrj
그것,ㄱㅡㄱㅓㅅ,rmrjt
그곳,ㄱㅡㄱㅗㅅ,rmrht
그나마,ㄱㅡㄴㅏㅁㅏ,rmskak
그날,ㄱㅡㄴㅏㄹ,rmskf
그냥,ㄱㅡㄴㅑㅇ,rmsid
그녀,ㄱㅡㄴㅕ,rmsu
그놈,ㄱㅡㄴㅗㅁ,rmsha
그늘,ㄱㅡㄴㅡㄹ,rmsmf
그다음,ㄱㅡㄷㅏㅇㅡㅁ,rmekdma
그다지,ㄱㅡㄷㅏㅈㅣ,rmekwl
그대,ㄱㅡㄷㅐ,rmeo
그대로,ㄱㅡㄷㅐㄹㅗ,rmeofh
그동안,ㄱㅡㄷㅗㅇㅇㅏㄴ,rmehddks
그때,ㄱㅡㄸㅐ,rmEo
그때그때,ㄱㅡㄸㅐㄱㅡㄸㅐ,rmEormEo
그래,ㄱㅡㄹㅐ,rmfo
그래도,ㄱㅡㄹㅐㄷㅗ,rmfoeh
그래서,ㄱㅡㄹㅐㅅㅓ,rmfotj
그래야,ㄱㅡㄹㅐㅇㅑ,rmfodi
그래픽,ㄱㅡㄹㅐㅍㅣㄱ,rmfovlr
그램,ㄱㅡㄹㅐㅁ,rmfoa
그러나,ㄱㅡㄹㅓㄴㅏ,rmfjsk
그러니까,ㄱㅡㄹㅓㄴㅣㄲㅏ,rmfjslRk
그러다,ㄱㅡㄹㅓㄷㅏ,rmfjek
그러면,ㄱㅡㄹㅓㅁㅕㄴ,rmfjaus
그러므로,ㄱㅡㄹㅓㅁㅡㄹㅗ,rmfjamfh
그러하다,ㄱㅡㄹㅓㅎㅏㄷㅏ,rmfjgkek
그런,ㄱㅡㄹㅓㄴ,rmfjs
그런대로,ㄱㅡㄹㅓㄴㄷㅐㄹㅗ,rmfjseofh
그런데,ㄱㅡㄹㅓㄴㄷㅔ,rmfjsep
그럴듯하다,ㄱㅡㄹㅓㄹㄷㅡㅅㅎㅏㄷㅏ,rmfjfemtgkek
그럼,ㄱㅡㄹㅓㅁ,rmfja
그렇게,ㄱㅡㄹㅓㅎㄱㅔ,rmfjgrp
그렇다,ㄱㅡㄹㅓㅎㄷㅏ,rmfjgek
그렇지,ㄱㅡㄹㅓㅎㅈㅣ,rmfjgwl
그렇지만,ㄱㅡㄹㅓㅎㅈㅣㅁㅏㄴ,rmfjgwlaks
그려지다,ㄱㅡㄹㅕㅈㅣㄷㅏ,rmfuwlek
그루,ㄱㅡㄹㅜ,rmfn
그룹,ㄱㅡㄹㅜㅂ,rmfnq
그릇,ㄱㅡㄹㅡㅅ,rmfmt
그리,ㄱㅡㄹㅣ,rmfl
그리고,ㄱㅡㄹㅣㄱㅗ,rmflrh
그리다,ㄱㅡㄹㅣㄷㅏ,rmflek
그리로,ㄱㅡㄹㅣㄹㅗ,rmflfh
그리움,ㄱㅡㄹㅣㅇㅜㅁ,rmfldna
그리워하다,ㄱㅡㄹㅣㅇㅝㅎㅏㄷㅏ,rmfldnjgkek
그리하여,ㄱㅡㄹㅣㅎㅏㅇㅕ,rmflgkdu
그림,ㄱㅡㄹㅣㅁ,rmfla
그림자,ㄱㅡㄹㅣㅁㅈㅏ,rmflawk
그립다,ㄱㅡㄹㅣㅂㄷㅏ,rmflqek
그만,ㄱㅡㅁㅏㄴ,rmaks
그만두다,ㄱㅡㅁㅏㄴㄷㅜㄷㅏ,rmaksenek
그만큼,ㄱㅡㅁㅏㄴㅋㅡㅁ,rmakszma
그만하다,ㄱㅡㅁㅏㄴㅎㅏㄷㅏ,rmaksgkek
그분,ㄱㅡㅂㅜㄴ,rmqns
그사이,ㄱㅡㅅㅏㅇㅣ,rmtkdl
그야말로,ㄱㅡㅇㅑㅁㅏㄹㄹㅗ,rmdiakffh
그이,ㄱㅡㅇㅣ,rmdl
그저,ㄱㅡㅈㅓ,rmwj
그저께,ㄱㅡㅈㅓㄲㅔ,rmwjRp
그전,ㄱㅡㅈㅓㄴ,rmwjs
그제서야,ㄱㅡㅈㅔㅅㅓㅇㅑ,rmwptjdi
그제야,ㄱㅡㅈㅔㅇㅑ,rmwpdi
그중,ㄱㅡㅈㅜㅇ,rmwnd
그쪽,ㄱㅡㅉㅗㄱ,rmWhr
그치다,ㄱㅡㅊㅣㄷㅏ,rmclek
그토록,ㄱㅡㅌㅗㄹㅗㄱ,rmxhfhr
그해,ㄱㅡㅎㅐ,rmgo
극,ㄱㅡㄱ,rmr
극복,ㄱㅡㄱㅂㅗㄱ,rmrqhr
극복하다,ㄱㅡㄱㅂㅗㄱㅎㅏㄷㅏ,rmrqhrgkek
극작가,ㄱㅡㄱㅈㅏㄱㄱㅏ,rmrwkrrk
극장,ㄱㅡㄱㅈㅏㅇ,rmrwkd
극히,ㄱㅡㄱㅎㅣ,rmrgl
근거,ㄱㅡㄴㄱㅓ,rmsrj
근거하다,ㄱㅡㄴㄱㅓㅎㅏㄷㅏ,rmsrjgkek
근교,ㄱㅡㄴㄱㅛ,rmsry
근데,ㄱㅡㄴㄷㅔ,rmsep
근래,ㄱㅡㄴㄹㅐ,rmsfo
근로,ㄱㅡㄴㄹㅗ,rmsfh
근로자,ㄱㅡㄴㄹㅗㅈㅏ,rmsfhwk
근무,ㄱㅡㄴㅁㅜ,rmsan
근무하다,ㄱㅡㄴㅁㅜㅎㅏㄷㅏ,rmsangkek
근본,ㄱㅡㄴㅂㅗㄴ,rmsqhs
근본적,ㄱㅡㄴㅂㅗㄴㅈㅓㄱ,rmsqhswjr
근원,ㄱㅡㄴㅇㅝㄴ,rmsdnjs
근육,ㄱㅡㄴㅇㅠㄱ,rmsdbr
근처,ㄱㅡㄴㅊㅓ,rmscj
글,ㄱㅡㄹ,rmf
글쎄,ㄱㅡㄹㅆㅔ,rmfTp
글쎄요,ㄱㅡㄹㅆㅔㅇㅛ,rmfTpdy
글쓰기,ㄱㅡㄹㅆㅡㄱㅣ,rmfTmrl
글씨,ㄱㅡㄹㅆㅣ,rmfTl
글자,ㄱㅡㄹㅈㅏ,rmfwk
긁다,ㄱㅡㄺㄷㅏ,rmfrek
금,ㄱㅡㅁ,rma
금강산,ㄱㅡㅁㄱㅏㅇㅅㅏㄴ,rmarkdtks
금고,ㄱㅡㅁㄱㅗ,rmarh
금년,ㄱㅡㅁㄴㅕㄴ,rmasus
금메달,ㄱㅡㅁㅁㅔㄷㅏㄹ,rmaapekf
금방,ㄱㅡㅁㅂㅏㅇ,rmaqkd
금세,ㄱㅡㅁㅅㅔ,rmatp
금액,ㄱㅡㅁㅇㅐㄱ,rmador
금연,ㄱㅡㅁㅇㅕㄴ,rmadus
금요일,ㄱㅡㅁㅇㅛㅇㅣㄹ,rmadydlf
금지,ㄱㅡㅁㅈㅣ,rmawl
금지되다,ㄱㅡㅁㅈㅣㄷㅚㄷㅏ,rmawlehlek
금지하다,ㄱㅡㅁㅈㅣㅎㅏㄷㅏ,rmawlgkek
금하다,ㄱㅡㅁㅎㅏㄷㅏ,rmagkek
급,ㄱㅡㅂ,rmq
급격히,ㄱㅡㅂㄱㅕㄱㅎㅣ,rmqrurgl
급속히,ㄱㅡㅂㅅㅗㄱㅎㅣ,rmqthrgl
급증하다,ㄱㅡㅂㅈㅡㅇㅎㅏㄷㅏ,rmqwmdgkek
급하다,ㄱㅡㅂㅎㅏㄷㅏ,rmqgkek
급히,ㄱㅡㅂㅎㅣ,rmqgl
긋다,ㄱㅡㅅㄷㅏ,rmtek
긍정적,ㄱㅡㅇㅈㅓㅇㅈㅓㄱ,rmdwjdwjr
기간,ㄱㅣㄱㅏㄴ,rlrks
기계,ㄱㅣㄱㅖ,rlrP
기념,ㄱㅣㄴㅕㅁ,rlsua
기념일,ㄱㅣㄴㅕㅁㅇㅣㄹ,rlsuadlf
기념품,ㄱㅣㄴㅕㅁㅍㅜㅁ,rlsuavna
기념하다,ㄱㅣㄴㅕㅁㅎㅏㄷㅏ,rlsuagkek
기능,ㄱㅣㄴㅡㅇ,rlsmd
기다,ㄱㅣㄷㅏ,rlek
기다리다,ㄱㅣㄷㅏㄹㅣㄷㅏ,rlekflek
기대,ㄱㅣㄷㅐ,rleo
기대다,ㄱㅣㄷㅐㄷㅏ,rleoek
기대되다,ㄱㅣㄷㅐㄷㅚㄷㅏ,rleoehlek
기대하다,ㄱㅣㄷㅐㅎㅏㄷㅏ,rleogkek
기도,ㄱㅣㄷㅗ,rleh
기도하다,ㄱㅣㄷㅗㅎㅏㄷㅏ,rlehgkek
기독교,ㄱㅣㄷㅗㄱㄱㅛ,rlehrry
기둥,ㄱㅣㄷㅜㅇ,rlend
기록,ㄱㅣㄹㅗㄱ,rlfhr
기록되다,ㄱㅣㄹㅗㄱㄷㅚㄷㅏ,rlfhrehlek
기록하다,ㄱㅣㄹㅗㄱㅎㅏㄷㅏ,rlfhrgkek
기르다,ㄱㅣㄹㅡㄷㅏ,rlfmek
기름,ㄱㅣㄹㅡㅁ,rlfma
기막히다,ㄱㅣㅁㅏㄱㅎㅣㄷㅏ,rlakrglek
기법,ㄱㅣㅂㅓㅂ,rlqjq
기본,ㄱㅣㅂㅗㄴ,rlqhs
기본적,ㄱㅣㅂㅗㄴㅈㅓㄱ,rlqhswjr
기분,ㄱㅣㅂㅜㄴ,rlqns
기뻐하다,ㄱㅣㅃㅓㅎㅏㄷㅏ,rlQjgkek
기쁘다,ㄱㅣㅃㅡㄷㅏ,rlQmek
기쁨,ㄱㅣㅃㅡㅁ,rlQma
기사,ㄱㅣㅅㅏ,rltk
기사1,ㄱㅣㅅㅏ1,rltk1
기성,ㄱㅣㅅㅓㅇ,rltjd
기성세대,ㄱㅣㅅㅓㅇㅅㅔㄷㅐ,rltjdtpeo
기숙사,ㄱㅣㅅㅜㄱㅅㅏ,rltnrtk
기술,ㄱㅣㅅㅜㄹ,rltnf
기술자,ㄱㅣㅅㅜㄹㅈㅏ,rltnfwk
기술하다,ㄱㅣㅅㅜㄹㅎㅏㄷㅏ,rltnfgkek
기억,ㄱㅣㅇㅓㄱ,rldjr
기억나다,ㄱㅣㅇㅓㄱㄴㅏㄷㅏ,rldjrskek
기억되다,ㄱㅣㅇㅓㄱㄷㅚㄷㅏ,rldjrehlek
기억하다,ㄱㅣㅇㅓㄱㅎㅏㄷㅏ,rldjrgkek
기업,ㄱㅣㅇㅓㅂ,rldjq
기업인,ㄱㅣㅇㅓㅂㅇㅣㄴ,rldjqdls
기여,ㄱㅣㅇㅕ,rldu
기여하다,ㄱㅣㅇㅕㅎㅏㄷㅏ,rldugkek
기온,ㄱㅣㅇㅗㄴ,rldhs
기운,ㄱㅣㅇㅜㄴ,rldns
기울다,ㄱㅣㅇㅜㄹㄷㅏ,rldnfek
기울이다,ㄱㅣㅇㅜㄹㅇㅣㄷㅏ,rldnfdlek
기원,ㄱㅣㅇㅝㄴ,rldnjs
기원전,ㄱㅣㅇㅝㄴㅈㅓㄴ,rldnjswjs
기자,ㄱㅣㅈㅏ,rlwk
기적,ㄱㅣㅈㅓㄱ,rlwjr
기준,ㄱㅣㅈㅜㄴ,rlwns
기차,ㄱㅣㅊㅏ,rlck
기초,ㄱㅣㅊㅗ,rlch
기초적,ㄱㅣㅊㅗㅈㅓㄱ,rlchwjr
기초하다,ㄱㅣㅊㅗㅎㅏㄷㅏ,rlchgkek
기침,ㄱㅣㅊㅣㅁ,rlcla
기타,ㄱㅣㅌㅏ,rlxk
기호,ㄱㅣㅎㅗ,rlgh
기혼,ㄱㅣㅎㅗㄴ,rlghs
기회,ㄱㅣㅎㅚ,rlghl
기획,ㄱㅣㅎㅚㄱ,rlghlr
기후,ㄱㅣㅎㅜ,rlgn
긴급,ㄱㅣㄴㄱㅡㅂ,rlsrmq
긴장,ㄱㅣㄴㅈㅏㅇ,rlswkd
긴장감,ㄱㅣㄴㅈㅏㅇㄱㅏㅁ,rlswkdrka
긴장되다,ㄱㅣㄴㅈㅏㅇㄷㅚㄷㅏ,rlswkdehlek
긴장하다,ㄱㅣㄴㅈㅏㅇㅎㅏㄷㅏ,rlswkdgkek
길,ㄱㅣㄹ,rlf
길가,ㄱㅣㄹㄱㅏ,rlfrk
길거리,ㄱㅣㄹㄱㅓㄹㅣ,rlfrjfl
길다,ㄱㅣㄹㄷㅏ,rlfek
길어지다,ㄱㅣㄹㅇㅓㅈㅣㄷㅏ,rlfdjwlek
길이,ㄱㅣㄹㅇㅣ,rlfdl
김,ㄱㅣㅁ,rla
김밥,ㄱㅣㅁㅂㅏㅂ,rlaqkq
김치,ㄱㅣㅁㅊㅣ,rlacl
김치찌개,ㄱㅣㅁㅊㅣㅉㅣㄱㅐ,rlaclWlro
김포공항,ㄱㅣㅁㅍㅗㄱㅗㅇㅎㅏㅇ,rlavhrhdgkd
깊다,ㄱㅣㅍㄷㅏ,rlvek
깊숙이,ㄱㅣㅍㅅㅜㄱㅇㅣ,rlvtnrdl
깊이,ㄱㅣㅍㅇㅣ,rlvdl
까다,ㄲㅏㄷㅏ,Rkek
까닭,ㄲㅏㄷㅏㄺ,Rkekfr
까만색,ㄲㅏㅁㅏㄴㅅㅐㄱ,Rkakstor
까맣다,ㄲㅏㅁㅏㅎㄷㅏ,Rkakgek
까먹다,ㄲㅏㅁㅓㄱㄷㅏ,Rkajrek
까치,ㄲㅏㅊㅣ,Rkcl
깍두기,ㄲㅏㄱㄷㅜㄱㅣ,Rkrenrl
깎다,ㄲㅏㄲㄷㅏ,RkRek
깔끔하다,ㄲㅏㄹㄲㅡㅁㅎㅏㄷㅏ,RkfRmagkek
깔다,ㄲㅏㄹㄷㅏ,Rkfek
깔리다,ㄲㅏㄹㄹㅣㄷㅏ,Rkfflek
깜빡,ㄲㅏㅁㅃㅏㄱ,RkaQkr
깜짝,ㄲㅏㅁㅉㅏㄱ,RkaWkr
깡패,ㄲㅏㅇㅍㅐ,Rkdvo
깨끗이,ㄲㅐㄲㅡㅅㅇㅣ,RoRmtdl
깨끗하다,ㄲㅐㄲㅡㅅㅎㅏㄷㅏ,RoRmtgkek
깨끗해지다,ㄲㅐㄲㅡㅅㅎㅐㅈㅣㄷㅏ,RoRmtgowlek
깨다,ㄲㅐㄷㅏ,Roek
깨닫다,ㄲㅐㄷㅏㄷㄷㅏ,Roekeek
깨달음,ㄲㅐㄷㅏㄹㅇㅡㅁ,Roekfdma
깨뜨리다,ㄲㅐㄸㅡㄹㅣㄷㅏ,RoEmflek
깨소금,ㄲㅐㅅㅗㄱㅡㅁ,Rothrma
깨어나다,ㄲㅐㅇㅓㄴㅏㄷㅏ,Rodjskek
깨어지다,ㄲㅐㅇㅓㅈㅣㄷㅏ,Rodjwlek
깨우다,ㄲㅐㅇㅜㄷㅏ,Rodnek
깨지다,ㄲㅐㅈㅣㄷㅏ,Rowlek
꺼내다,ㄲㅓㄴㅐㄷㅏ,Rjsoek
꺼지다,ㄲㅓㅈㅣㄷㅏ,Rjwlek
꺾다,ㄲㅓㄲㄷㅏ,RjRek
껌,ㄲㅓㅁ,Rja
껍질,ㄲㅓㅂㅈㅣㄹ,Rjqwlf
꼬리,ㄲㅗㄹㅣ,Rhfl
꼬마,ㄲㅗㅁㅏ,Rhak
꼭,ㄲㅗㄱ,Rhr
꼭대기,ㄲㅗㄱㄷㅐㄱㅣ,Rhreorl
꼴,ㄲㅗㄹ,Rhf
꼼꼼하다,ㄲㅗㅁㄲㅗㅁㅎㅏㄷㅏ,RhaRhagkek
꼼짝,ㄲㅗㅁㅉㅏㄱ,RhaWkr
꼽히다,ㄲㅗㅂㅎㅣㄷㅏ,Rhqglek
꽂다,ㄲㅗㅈㄷㅏ,Rhwek
꽃,ㄲㅗㅊ,Rhc
꽃씨,ㄲㅗㅊㅆㅣ,RhcTl
꽃잎,ㄲㅗㅊㅇㅣㅍ,Rhcdlv
꽉,ㄲㅘㄱ,Rhkr
꽤,ㄲㅙ,Rho
꾸다,ㄲㅜㄷㅏ,Rnek
꾸리다,ㄲㅜㄹㅣㄷㅏ,Rnflek
꾸미다,ㄲㅜㅁㅣㄷㅏ,Rnalek
꾸준하다,ㄲㅜㅈㅜㄴㅎㅏㄷㅏ,Rnwnsgkek
꾸준히,ㄲㅜㅈㅜㄴㅎㅣ,Rnwnsgl
꾸중,ㄲㅜㅈㅜㅇ,Rnwnd
꿀,ㄲㅜㄹ,Rnf
꿈,ㄲㅜㅁ,Rna
꿈꾸다,ㄲㅜㅁㄲㅜㄷㅏ,RnaRnek
꿈속,ㄲㅜㅁㅅㅗㄱ,Rnathr
끄다,ㄲㅡㄷㅏ,Rmek
끄덕이다,ㄲㅡㄷㅓㄱㅇㅣㄷㅏ,Rmejrdlek
끈,ㄲㅡㄴ,Rms
끊기다,ㄲㅡㄶㄱㅣㄷㅏ,Rmsgrlek
끊다,ㄲㅡㄶㄷㅏ,Rmsgek
끊어지다,ㄲㅡㄶㅇㅓㅈㅣㄷㅏ,Rmsgdjwlek
끊임없다,ㄲㅡㄶㅇㅣㅁㅇㅓㅄㄷㅏ,Rmsgdladjqtek
끊임없이,ㄲㅡㄶㅇㅣㅁㅇㅓㅄㅇㅣ,Rmsgdladjqtdl
끌다,ㄲㅡㄹㄷㅏ,Rmfek
끌리다,ㄲㅡㄹㄹㅣㄷㅏ,Rmfflek
끌어당기다,ㄲㅡㄹㅇㅓㄷㅏㅇㄱㅣㄷㅏ,Rmfdjekdrlek
끓다,ㄲㅡㅀㄷㅏ,Rmfgek
끓이다,ㄲㅡㅀㅇㅣㄷㅏ,Rmfgdlek
끝,ㄲㅡㅌ,Rmx
끝나다,ㄲㅡㅌㄴㅏㄷㅏ,Rmxskek
끝내,ㄲㅡㅌㄴㅐ,Rmxso
끝내다,ㄲㅡㅌㄴㅐㄷㅏ,Rmxsoek
끝없다,ㄲㅡㅌㅇㅓㅄㄷㅏ,Rmxdjqtek
끝없이,ㄲㅡㅌㅇㅓㅄㅇㅣ,Rmxdjqtdl
끼,ㄲㅣ,Rl
끼다,ㄲㅣㄷㅏ,Rlek
끼어들다,ㄲㅣㅇㅓㄷㅡㄹㄷㅏ,Rldjemfek
끼우다,ㄲㅣㅇㅜㄷㅏ,Rldnek
나,ㄴㅏ,sk
나가다,ㄴㅏㄱㅏㄷㅏ,skrkek
나누다,ㄴㅏㄴㅜㄷㅏ,sksnek
나누어지다,ㄴㅏㄴㅜㅇㅓㅈㅣㄷㅏ,sksndjwlek
나뉘다,ㄴㅏㄴㅟㄷㅏ,sksnlek
나다,ㄴㅏㄷㅏ,skek
나들이,ㄴㅏㄷㅡㄹㅇㅣ,skemfdl
나라,ㄴㅏㄹㅏ,skfk
나란히,ㄴㅏㄹㅏㄴㅎㅣ,skfksgl
나르다,ㄴㅏㄹㅡㄷㅏ,skfmek
나름,ㄴㅏㄹㅡㅁ,skfma
나머지,ㄴㅏㅁㅓㅈㅣ,skajwl
나무,ㄴㅏㅁㅜ,skan
나물,ㄴㅏㅁㅜㄹ,skanf
나뭇가지,ㄴㅏㅁㅜㅅㄱㅏㅈㅣ,skantrkwl
나뭇잎,ㄴㅏㅁㅜㅅㅇㅣㅍ,skantdlv
나비,ㄴㅏㅂㅣ,skql
나빠지다,ㄴㅏㅃㅏㅈㅣㄷㅏ,skQkwlek
나쁘다,ㄴㅏㅃㅡㄷㅏ,skQmek
나서다,ㄴㅏㅅㅓㄷㅏ,sktjek
나아가다,ㄴㅏㅇㅏㄱㅏㄷㅏ,skdkrkek
나아지다,ㄴㅏㅇㅏㅈㅣㄷㅏ,skdkwlek
나오다,ㄴㅏㅇㅗㄷㅏ,skdhek
나이,ㄴㅏㅇㅣ,skdl
나중,ㄴㅏㅈㅜㅇ,skwnd
나침반,ㄴㅏㅊㅣㅁㅂㅏㄴ,skclaqks
나타나다,ㄴㅏㅌㅏㄴㅏㄷㅏ,skxkskek
나타내다,ㄴㅏㅌㅏㄴㅐㄷㅏ,skxksoek
나흘,ㄴㅏㅎㅡㄹ,skgmf
낙엽,ㄴㅏㄱㅇㅕㅂ,skrduq
낚시,ㄴㅏㄲㅅㅣ,skRtl
낚시꾼,ㄴㅏㄲㅅㅣㄲㅜㄴ,skRtlRns
낚싯대,ㄴㅏㄲㅅㅣㅅㄷㅐ,skRtlteo
난리,ㄴㅏㄴㄹㅣ,sksfl
난방,ㄴㅏㄴㅂㅏㅇ,sksqkd
날,ㄴㅏㄹ,skf
날개,ㄴㅏㄹㄱㅐ,skfro
날다,ㄴㅏㄹㄷㅏ,skfek
날리다,ㄴㅏㄹㄹㅣㄷㅏ,skfflek
날씨,ㄴㅏㄹㅆㅣ,skfTl
날아가다,ㄴㅏㄹㅇㅏㄱㅏㄷㅏ,skfdkrkek
날아다니다,ㄴㅏㄹㅇㅏㄷㅏㄴㅣㄷㅏ,skfdkekslek
날아오다,ㄴㅏㄹㅇㅏㅇㅗㄷㅏ,skfdkdhek
날짜,ㄴㅏㄹㅉㅏ,skfWk
날카롭다,ㄴㅏㄹㅋㅏㄹㅗㅂㄷㅏ,skfzkfhqek
낡다,ㄴㅏㄺㄷㅏ,skfrek
남,ㄴㅏㅁ,ska
남기다,ㄴㅏㅁㄱㅣㄷㅏ,skarlek
남녀,ㄴㅏㅁㄴㅕ,skasu
남다,ㄴㅏㅁㄷㅏ,skaek
남대문,ㄴㅏㅁㄷㅐㅁㅜㄴ,skaeoans
남대문시장,ㄴㅏㅁㄷㅐㅁㅜㄴㅅㅣㅈㅏㅇ,skaeoanstlwkd
남동생,ㄴㅏㅁㄷㅗㅇㅅㅐㅇ,skaehdtod
남매,ㄴㅏㅁㅁㅐ,skaao
남미,ㄴㅏㅁㅁㅣ,skaal
남부,ㄴㅏㅁㅂㅜ,skaqn
남북,ㄴㅏㅁㅂㅜㄱ,skaqnr
남산,ㄴㅏㅁㅅㅏㄴ,skatks
남성,ㄴㅏㅁㅅㅓㅇ,skatjd
남자,ㄴㅏㅁㅈㅏ,skawk
남쪽,ㄴㅏㅁㅉㅗㄱ,skaWhr
남편,ㄴㅏㅁㅍㅕㄴ,skavus
남학생,ㄴㅏㅁㅎㅏㄱㅅㅐㅇ,skagkrtod
납득하다,ㄴㅏㅂㄷㅡㄱㅎㅏㄷㅏ,skqemrgkek
낫다,ㄴㅏㅅㄷㅏ,sktek
낭비,ㄴㅏㅇㅂㅣ,skdql
낮,ㄴㅏㅈ,skw
낮다,ㄴㅏㅈㄷㅏ,skwek
낮아지다,ㄴㅏㅈㅇㅏㅈㅣㄷㅏ,skwdkwlek
낮추다,ㄴㅏㅈㅊㅜㄷㅏ,skwcnek
낯설다,ㄴㅏㅊㅅㅓㄹㄷㅏ,skctjfek
낱말,ㄴㅏㅌㅁㅏㄹ,skxakf
낳다,ㄴㅏㅎㄷㅏ,skgek
내,ㄴㅐ,so
내과,ㄴㅐㄱㅘ,sorhk
내내,ㄴㅐㄴㅐ,soso
내년,ㄴㅐㄴㅕㄴ,sosus
내놓다,ㄴㅐㄴㅗㅎㄷㅏ,soshgek
내다,ㄴㅐㄷㅏ,soek
내다보다,ㄴㅐㄷㅏㅂㅗㄷㅏ,soekqhek
내달,ㄴㅐㄷㅏㄹ,soekf
내려가다,ㄴㅐㄹㅕㄱㅏㄷㅏ,sofurkek
내려놓다,ㄴㅐㄹㅕㄴㅗㅎㄷㅏ,sofushgek
내려다보다,ㄴㅐㄹㅕㄷㅏㅂㅗㄷㅏ,sofuekqhek
내려오다,ㄴㅐㄹㅕㅇㅗㄷㅏ,sofudhek
내려지다,ㄴㅐㄹㅕㅈㅣㄷㅏ,sofuwlek
내리다,ㄴㅐㄹㅣㄷㅏ,soflek
내밀다,ㄴㅐㅁㅣㄹㄷㅏ,soalfek
내버리다,ㄴㅐㅂㅓㄹㅣㄷㅏ,soqjflek
내보내다,ㄴㅐㅂㅗㄴㅐㄷㅏ,soqhsoek
내부,ㄴㅐㅂㅜ,soqn
내쉬다,ㄴㅐㅅㅟㄷㅏ,sotnlek
내외,ㄴㅐㅇㅚ,sodhl
내용,ㄴㅐㅇㅛㅇ,sodyd
내용물,ㄴㅐㅇㅛㅇㅁㅜㄹ,sodydanf
내일,ㄴㅐㅇㅣㄹ,sodlf
내적,ㄴㅐㅈㅓㄱ,sowjr
내주다,ㄴㅐㅈㅜㄷㅏ,sownek
내지,ㄴㅐㅈㅣ,sowl
내후년,ㄴㅐㅎㅜㄴㅕㄴ,sognsus
냄비,ㄴㅐㅁㅂㅣ,soaql
냄새,ㄴㅐㅁㅅㅐ,soato
냇물,ㄴㅐㅅㅁㅜㄹ,sotanf
냉동,ㄴㅐㅇㄷㅗㅇ,sodehd
냉면,ㄴㅐㅇㅁㅕㄴ,sodaus
냉방,ㄴㅐㅇㅂㅏㅇ,sodqkd
냉장고,ㄴㅐㅇㅈㅏㅇㄱㅗ,sodwkdrh
너,ㄴㅓ,sj
너머,ㄴㅓㅁㅓ,sjaj
너무,ㄴㅓㅁㅜ,sjan
너무나,ㄴㅓㅁㅜㄴㅏ,sjansk
너희,ㄴㅓㅎㅢ,sjgml
넉,ㄴㅓㄱ,sjr
넉넉하다,ㄴㅓㄱㄴㅓㄱㅎㅏㄷㅏ,sjrsjrgkek
널리,ㄴㅓㄹㄹㅣ,sjffl
넓다,ㄴㅓㄼㄷㅏ,sjfqek
넓어지다,ㄴㅓㄼㅇㅓㅈㅣㄷㅏ,sjfqdjwlek
넓히다,ㄴㅓㄼㅎㅣㄷㅏ,sjfqglek
넘겨주다,ㄴㅓㅁㄱㅕㅈㅜㄷㅏ,sjaruwnek
넘기다,ㄴㅓㅁㄱㅣㄷㅏ,sjarlek
넘다,ㄴㅓㅁㄷㅏ,sjaek
넘어가다,ㄴㅓㅁㅇㅓㄱㅏㄷㅏ,sjadjrkek
넘어뜨리다,ㄴㅓㅁㅇㅓㄸㅡㄹㅣㄷㅏ,sjadjEmflek
넘어서다,ㄴㅓㅁㅇㅓㅅㅓㄷㅏ,sjadjtjek
넘어오다,ㄴㅓㅁㅇㅓㅇㅗㄷㅏ,sjadjdhek
넘어지다,ㄴㅓㅁㅇㅓㅈㅣㄷㅏ,sjadjwlek
넘치다,ㄴㅓㅁㅊㅣㄷㅏ,sjaclek
넣다,ㄴㅓㅎㄷㅏ,sjgek
네,ㄴㅔ,sp
네거리,ㄴㅔㄱㅓㄹㅣ,sprjfl
넥타이,ㄴㅔㄱㅌㅏㅇㅣ,sprxkdl
넷,ㄴㅔㅅ,spt
넷째,ㄴㅔㅅㅉㅐ,sptWo
녀석,ㄴㅕㅅㅓㄱ,sutjr
년,ㄴㅕㄴ,sus
년대,ㄴㅕㄴㄷㅐ,suseo
년도,ㄴㅕㄴㄷㅗ,suseh
년생8,ㄴㅕㄴㅅㅐㅇ8,sustod8
노동,ㄴㅗㄷㅗㅇ,shehd
노동자,ㄴㅗㄷㅗㅇㅈㅏ,shehdwk
노란색,ㄴㅗㄹㅏㄴㅅㅐㄱ,shfkstor
노랗다,ㄴㅗㄹㅏㅎㄷㅏ,shfkgek
노래,ㄴㅗㄹㅐ,shfo
노래방,ㄴㅗㄹㅐㅂㅏㅇ,shfoqkd
노래하다,ㄴㅗㄹㅐㅎㅏㄷㅏ,shfogkek
노랫소리,ㄴㅗㄹㅐㅅㅅㅗㄹㅣ,shfotthfl
노력,ㄴㅗㄹㅕㄱ,shfur
노력하다,ㄴㅗㄹㅕㄱㅎㅏㄷㅏ,shfurgkek
노선,ㄴㅗㅅㅓㄴ,shtjs
노인,ㄴㅗㅇㅣㄴ,shdls
노트,ㄴㅗㅌㅡ,shxm
녹다,ㄴㅗㄱㄷㅏ,shrek
녹색,ㄴㅗㄱㅅㅐㄱ,shrtor
녹음,ㄴㅗㄱㅇㅡㅁ,shrdma
녹음하다,ㄴㅗㄱㅇㅡㅁㅎㅏㄷㅏ,shrdmagkek
녹이다,ㄴㅗㄱㅇㅣㄷㅏ,shrdlek
녹차,ㄴㅗㄱㅊㅏ,shrck
녹화,ㄴㅗㄱㅎㅘ,shrghk
논,ㄴㅗㄴ,shs
논리,ㄴㅗㄴㄹㅣ,shsfl
논리적,ㄴㅗㄴㄹㅣㅈㅓㄱ,shsflwjr
논문,ㄴㅗㄴㅁㅜㄴ,shsans
논의하다,ㄴㅗㄴㅇㅢㅎㅏㄷㅏ,shsdmlgkek
논쟁,ㄴㅗㄴㅈㅐㅇ,shswod
논하다,ㄴㅗㄴㅎㅏㄷㅏ,shsgkek
놀다,ㄴㅗㄹㄷㅏ,shfek
놀라다,ㄴㅗㄹㄹㅏㄷㅏ,shffkek
놀랍다,ㄴㅗㄹㄹㅏㅂㄷㅏ,shffkqek
놀리다,ㄴㅗㄹㄹㅣㄷㅏ,shfflek
놀이,ㄴㅗㄹㅇㅣ,shfdl
놀이터,ㄴㅗㄹㅇㅣㅌㅓ,shfdlxj
놈,ㄴㅗㅁ,sha
농구,ㄴㅗㅇㄱㅜ,shdrn
농담,ㄴㅗㅇㄷㅏㅁ,shdeka
농민,ㄴㅗㅇㅁㅣㄴ,shdals
농부,ㄴㅗㅇㅂㅜ,shdqn
농사,ㄴㅗㅇㅅㅏ,shdtk
농사일,ㄴㅗㅇㅅㅏㅇㅣㄹ,shdtkdlf
농사짓다,ㄴㅗㅇㅅㅏㅈㅣㅅㄷㅏ,shdtkwltek
농산물,ㄴㅗㅇㅅㅏㄴㅁㅜㄹ,shdtksanf
농업,ㄴㅗㅇㅇㅓㅂ,shddjq
농장,ㄴㅗㅇㅈㅏㅇ,shdwkd
농촌,ㄴㅗㅇㅊㅗㄴ,shdchs
높다,ㄴㅗㅍㄷㅏ,shvek
높아지다,ㄴㅗㅍㅇㅏㅈㅣㄷㅏ,shvdkwlek
높이,ㄴㅗㅍㅇㅣ,shvdl
높이다,ㄴㅗㅍㅇㅣㄷㅏ,shvdlek
놓다,ㄴㅗㅎㄷㅏ,shgek
놓아두다,ㄴㅗㅎㅇㅏㄷㅜㄷㅏ,shgdkenek
놓이다,ㄴㅗㅎㅇㅣㄷㅏ,shgdlek
놓치다,ㄴㅗㅎㅊㅣㄷㅏ,shgclek
놔두다,ㄴㅘㄷㅜㄷㅏ,shkenek
뇌,ㄴㅚ,shl
누구,ㄴㅜㄱㅜ,snrn
누나,ㄴㅜㄴㅏ,snsk
누르다,ㄴㅜㄹㅡㄷㅏ,snfmek
눈,ㄴㅜㄴ,sns
눈가,ㄴㅜㄴㄱㅏ,snsrk
눈감다,ㄴㅜㄴㄱㅏㅁㄷㅏ,snsrkaek
눈길,ㄴㅜㄴㄱㅣㄹ,snsrlf
눈동자,ㄴㅜㄴㄷㅗㅇㅈㅏ,snsehdwk
눈뜨다,ㄴㅜㄴㄸㅡㄷㅏ,snsEmek
눈물,ㄴㅜㄴㅁㅜㄹ,snsanf
눈병,ㄴㅜㄴㅂㅕㅇ,snsqud
눈부시다,ㄴㅜㄴㅂㅜㅅㅣㄷㅏ,snsqntlek
눈빛,ㄴㅜㄴㅂㅣㅊ,snsqlc
눈썹,ㄴㅜㄴㅆㅓㅂ,snsTjq
눈앞,ㄴㅜㄴㅇㅏㅍ,snsdkv
눕다,ㄴㅜㅂㄷㅏ,snqek
뉴스,ㄴㅠㅅㅡ,sbtm
뉴욕,ㄴㅠㅇㅛㄱ,sbdyr
느껴지다,ㄴㅡㄲㅕㅈㅣㄷㅏ,smRuwlek
느끼다,ㄴㅡㄲㅣㄷㅏ,smRlek
느낌,ㄴㅡㄲㅣㅁ,smRla
느리다,ㄴㅡㄹㅣㄷㅏ,smflek
늑대,ㄴㅡㄱㄷㅐ,smreo
늘,ㄴㅡㄹ,smf
늘다,ㄴㅡㄹㄷㅏ,smfek
늘리다,ㄴㅡㄹㄹㅣㄷㅏ,smfflek
늘어나다,ㄴㅡㄹㅇㅓㄴㅏㄷㅏ,smfdjskek
늘어놓다,ㄴㅡㄹㅇㅓㄴㅗㅎㄷㅏ,smfdjshgek
늘어서다,ㄴㅡㄹㅇㅓㅅㅓㄷㅏ,smfdjtjek
늘어지다,ㄴㅡㄹㅇㅓㅈㅣㄷㅏ,smfdjwlek
늙다,ㄴㅡㄺㄷㅏ,smfrek
능동적,ㄴㅡㅇㄷㅗㅇㅈㅓㄱ,smdehdwjr
능력,ㄴㅡㅇㄹㅕㄱ,smdfur
늦가을,ㄴㅡㅈㄱㅏㅇㅡㄹ,smwrkdmf
늦다,ㄴㅡㅈㄷㅏ,smwek
늦어지다,ㄴㅡㅈㅇㅓㅈㅣㄷㅏ,smwdjwlek
다,ㄷㅏ,ek
다가가다,ㄷㅏㄱㅏㄱㅏㄷㅏ,ekrkrkek
다가서다,ㄷㅏㄱㅏㅅㅓㄷㅏ,ekrktjek
다가오다,ㄷㅏㄱㅏㅇㅗㄷㅏ,ekrkdhek
다녀가다,ㄷㅏㄴㅕㄱㅏㄷㅏ,eksurkek
다녀오다,ㄷㅏㄴㅕㅇㅗㄷㅏ,eksudhek
다니다,ㄷㅏㄴㅣㄷㅏ,ekslek
다듬다,ㄷㅏㄷㅡㅁㄷㅏ,ekemaek
다루다,ㄷㅏㄹㅜㄷㅏ,ekfnek
다르다,ㄷㅏㄹㅡㄷㅏ,ekfmek
다른,ㄷㅏㄹㅡㄴ,ekfms
다름없다,ㄷㅏㄹㅡㅁㅇㅓㅄㄷㅏ,ekfmadjqtek
다리,ㄷㅏㄹㅣ,ekfl
다만,ㄷㅏㅁㅏㄴ,ekaks
다방,ㄷㅏㅂㅏㅇ,ekqkd
다섯,ㄷㅏㅅㅓㅅ,ektjt
다섯째,ㄷㅏㅅㅓㅅㅉㅐ,ektjtWo
다소,ㄷㅏㅅㅗ,ekth
다수,ㄷㅏㅅㅜ,ektn
다시,ㄷㅏㅅㅣ,ektl
다양성,ㄷㅏㅇㅑㅇㅅㅓㅇ,ekdidtjd
다양하다,ㄷㅏㅇㅑㅇㅎㅏㄷㅏ,ekdidgkek
다양해지다,ㄷㅏㅇㅑㅇㅎㅐㅈㅣㄷㅏ,ekdidgowlek
다음,ㄷㅏㅇㅡㅁ,ekdma
다이어트,ㄷㅏㅇㅣㅇㅓㅌㅡ,ekdldjxm
다정하다,ㄷㅏㅈㅓㅇㅎㅏㄷㅏ,ekwjdgkek
다지다,ㄷㅏㅈㅣㄷㅏ,ekwlek
다짐하다,ㄷㅏㅈㅣㅁㅎㅏㄷㅏ,ekwlagkek
다치다,ㄷㅏㅊㅣㄷㅏ,ekclek
다투다,ㄷㅏㅌㅜㄷㅏ,ekxnek
다툼,ㄷㅏㅌㅜㅁ,ekxna
다하다,ㄷㅏㅎㅏㄷㅏ,ekgkek
다행,ㄷㅏㅎㅐㅇ,ekgod
다행히,ㄷㅏㅎㅐㅇㅎㅣ,ekgodgl
닥치다,ㄷㅏㄱㅊㅣㄷㅏ,ekrclek
닦다,ㄷㅏㄲㄷㅏ,ekRek
단,ㄷㅏㄴ,eks
단계,ㄷㅏㄴㄱㅖ,eksrP
단골,ㄷㅏㄴㄱㅗㄹ,eksrhf
단단하다,ㄷㅏㄴㄷㅏㄴㅎㅏㄷㅏ,ekseksgkek
단독,ㄷㅏㄴㄷㅗㄱ,eksehr
단맛,ㄷㅏㄴㅁㅏㅅ,eksakt
단순,ㄷㅏㄴㅅㅜㄴ,ekstns
단순하다,ㄷㅏㄴㅅㅜㄴㅎㅏㄷㅏ,ekstnsgkek
단순히,ㄷㅏㄴㅅㅜㄴㅎㅣ,ekstnsgl
단어,ㄷㅏㄴㅇㅓ,eksdj
단위,ㄷㅏㄴㅇㅟ,eksdnl
단점,ㄷㅏㄴㅈㅓㅁ,ekswja
단지,ㄷㅏㄴㅈㅣ,ekswl
단체,ㄷㅏㄴㅊㅔ,ekscp
단추,ㄷㅏㄴㅊㅜ,ekscn
단편,ㄷㅏㄴㅍㅕㄴ,eksvus
단풍,ㄷㅏㄴㅍㅜㅇ,eksvnd
닫다,ㄷㅏㄷㄷㅏ,ekeek
닫히다,ㄷㅏㄷㅎㅣㄷㅏ,ekeglek
달,ㄷㅏㄹ,ekf
달걀,ㄷㅏㄹㄱㅑㄹ,ekfrif
달다,ㄷㅏㄹㄷㅏ,ekfek
달라지다,ㄷㅏㄹㄹㅏㅈㅣㄷㅏ,ekffkwlek
달래다,ㄷㅏㄹㄹㅐㄷㅏ,ekffoek
달러,ㄷㅏㄹㄹㅓ,ekffj
달려가다,ㄷㅏㄹㄹㅕㄱㅏㄷㅏ,ekffurkek
달려들다,ㄷㅏㄹㄹㅕㄷㅡㄹㄷㅏ,ekffuemfek
달려오다,ㄷㅏㄹㄹㅕㅇㅗㄷㅏ,ekffudhek
달력,ㄷㅏㄹㄹㅕㄱ,ekffur
달리,ㄷㅏㄹㄹㅣ,ekffl
달리기,ㄷㅏㄹㄹㅣㄱㅣ,ekfflrl
달리다,ㄷㅏㄹㄹㅣㄷㅏ,ekfflek
달리하다,ㄷㅏㄹㄹㅣㅎㅏㄷㅏ,ekfflgkek
달빛,ㄷㅏㄹㅂㅣㅊ,ekfqlc
달아나다,ㄷㅏㄹㅇㅏㄴㅏㄷㅏ,ekfdkskek
닭,ㄷㅏㄺ,ekfr
닭고기,ㄷㅏㄺㄱㅗㄱㅣ,ekfrrhrl
닮다,ㄷㅏㄻㄷㅏ,ekfaek
담,ㄷㅏㅁ,eka
담그다,ㄷㅏㅁㄱㅡㄷㅏ,ekarmek
담기다,ㄷㅏㅁㄱㅣㄷㅏ,ekarlek
담다,ㄷㅏㅁㄷㅏ,ekaek
담당,ㄷㅏㅁㄷㅏㅇ,ekaekd
담당자,ㄷㅏㅁㄷㅏㅇㅈㅏ,ekaekdwk
담당하다,ㄷㅏㅁㄷㅏㅇㅎㅏㄷㅏ,ekaekdgkek
담배,ㄷㅏㅁㅂㅐ,ekaqo
담요,ㄷㅏㅁㅇㅛ,ekady
담임,ㄷㅏㅁㅇㅣㅁ,ekadla
답,ㄷㅏㅂ,ekq
답답하다,ㄷㅏㅂㄷㅏㅂㅎㅏㄷㅏ,ekqekqgkek
답변,ㄷㅏㅂㅂㅕㄴ,ekqqus
답장,ㄷㅏㅂㅈㅏㅇ,ekqwkd
답하다,ㄷㅏㅂㅎㅏㄷㅏ,ekqgkek
닷새,ㄷㅏㅅㅅㅐ,ektto
당근,ㄷㅏㅇㄱㅡㄴ,ekdrms
당기다,ㄷㅏㅇㄱㅣㄷㅏ,ekdrlek
당당하다,ㄷㅏㅇㄷㅏㅇㅎㅏㄷㅏ,ekdekdgkek
당분간,ㄷㅏㅇㅂㅜㄴㄱㅏㄴ,ekdqnsrks
당시,ㄷㅏㅇㅅㅣ,ekdtl
당신,ㄷㅏㅇㅅㅣㄴ,ekdtls
당연하다,ㄷㅏㅇㅇㅕㄴㅎㅏㄷㅏ,ekddusgkek
당연히,ㄷㅏㅇㅇㅕㄴㅎㅣ,ekddusgl
당장,ㄷㅏㅇㅈㅏㅇ,ekdwkd
당하다,ㄷㅏㅇㅎㅏㄷㅏ,ekdgkek
당황하다,ㄷㅏㅇㅎㅘㅇㅎㅏㄷㅏ,ekdghkdgkek
닿다,ㄷㅏㅎㄷㅏ,ekgek
대,ㄷㅐ,eo
대가,ㄷㅐㄱㅏ,eork
대강,ㄷㅐㄱㅏㅇ,eorkd
대개,ㄷㅐㄱㅐ,eoro
대구,ㄷㅐㄱㅜ,eorn
대규모,ㄷㅐㄱㅠㅁㅗ,eorbah
대기,ㄷㅐㄱㅣ,eorl
대기업,ㄷㅐㄱㅣㅇㅓㅂ,eorldjq
대기하다,ㄷㅐㄱㅣㅎㅏㄷㅏ,eorlgkek
대낮,ㄷㅐㄴㅏㅈ,eoskw
대다,ㄷㅐㄷㅏ,eoek
대다수,ㄷㅐㄷㅏㅅㅜ,eoektn
대단하다,ㄷㅐㄷㅏㄴㅎㅏㄷㅏ,eoeksgkek
대단히,ㄷㅐㄷㅏㄴㅎㅣ,eoeksgl
대답,ㄷㅐㄷㅏㅂ,eoekq
대답하다,ㄷㅐㄷㅏㅂㅎㅏㄷㅏ,eoekqgkek
대도시,ㄷㅐㄷㅗㅅㅣ,eoehtl
대략,ㄷㅐㄹㅑㄱ,eofir
대량,ㄷㅐㄹㅑㅇ,eofid
대로,ㄷㅐㄹㅗ,eofh
대륙,ㄷㅐㄹㅠㄱ,eofbr
대문,ㄷㅐㅁㅜㄴ,eoans
대부분,ㄷㅐㅂㅜㅂㅜㄴ,eoqnqns
대비하다,ㄷㅐㅂㅣㅎㅏㄷㅏ,eoqlgkek
대사,ㄷㅐㅅㅏ,eotk
대사관,ㄷㅐㅅㅏㄱㅘㄴ,eotkrhks
대상자,ㄷㅐㅅㅏㅇㅈㅏ,eotkdwk
대신,ㄷㅐㅅㅣㄴ,eotls
대신하다,ㄷㅐㅅㅣㄴㅎㅏㄷㅏ,eotlsgkek
대여섯,ㄷㅐㅇㅕㅅㅓㅅ,eodutjt
대응,ㄷㅐㅇㅡㅇ,eodmd
대응하다,ㄷㅐㅇㅡㅇㅎㅏㄷㅏ,eodmdgkek
대입,ㄷㅐㅇㅣㅂ,eodlq
대전,ㄷㅐㅈㅓㄴ,eowjs
대접,ㄷㅐㅈㅓㅂ,eowjq
대접하다,ㄷㅐㅈㅓㅂㅎㅏㄷㅏ,eowjqgkek
대중,ㄷㅐㅈㅜㅇ,eownd
대중교통,ㄷㅐㅈㅜㅇㄱㅛㅌㅗㅇ,eowndryxhd
대중문화,ㄷㅐㅈㅜㅇㅁㅜㄴㅎㅘ,eowndansghk
대중적,ㄷㅐㅈㅜㅇㅈㅓㄱ,eowndwjr
대책,ㄷㅐㅊㅐㄱ,eocor
대처하다,ㄷㅐㅊㅓㅎㅏㄷㅏ,eocjgkek
대체,ㄷㅐㅊㅔ,eocp
대체로,ㄷㅐㅊㅔㄹㅗ,eocpfh
대출,ㄷㅐㅊㅜㄹ,eocnf
대충,ㄷㅐㅊㅜㅇ,eocnd
대통령,ㄷㅐㅌㅗㅇㄹㅕㅇ,eoxhdfud
대표,ㄷㅐㅍㅛ,eovy
대표적,ㄷㅐㅍㅛㅈㅓㄱ,eovywjr
대표하다,ㄷㅐㅍㅛㅎㅏㄷㅏ,eovygkek
대하다,ㄷㅐㅎㅏㄷㅏ,eogkek
대학,ㄷㅐㅎㅏㄱ,eogkr
대학교,ㄷㅐㅎㅏㄱㄱㅛ,eogkrry
대학교수,ㄷㅐㅎㅏㄱㄱㅛㅅㅜ,eogkrrytn
대학로,ㄷㅐㅎㅏㄱㄹㅗ,eogkrfh
대학생,ㄷㅐㅎㅏㄱㅅㅐㅇ,eogkrtod
대학원,ㄷㅐㅎㅏㄱㅇㅝㄴ,eogkrdnjs
대한민국,ㄷㅐㅎㅏㄴㅁㅣㄴㄱㅜㄱ,eogksalsrnr
대합실,ㄷㅐㅎㅏㅂㅅㅣㄹ,eogkqtlf
대형,ㄷㅐㅎㅕㅇ,eogud
대화,ㄷㅐㅎㅘ,eoghk
대화하다,ㄷㅐㅎㅘㅎㅏㄷㅏ,eoghkgkek
대회,ㄷㅐㅎㅚ,eoghl
댁,ㄷㅐㄱ,eor
댐,ㄷㅐㅁ,eoa
더,ㄷㅓ,ej
더구나,ㄷㅓㄱㅜㄴㅏ,ejrnsk
더더욱,ㄷㅓㄷㅓㅇㅜㄱ,ejejdnr
더러워지다,ㄷㅓㄹㅓㅇㅝㅈㅣㄷㅏ,ejfjdnjwlek
더럽다,ㄷㅓㄹㅓㅂㄷㅏ,ejfjqek
더불다,ㄷㅓㅂㅜㄹㄷㅏ,ejqnfek
더욱,ㄷㅓㅇㅜㄱ,ejdnr
더욱더,ㄷㅓㅇㅜㄱㄷㅓ,ejdnrej
더욱이,ㄷㅓㅇㅜㄱㅇㅣ,ejdnrdl
더위,ㄷㅓㅇㅟ,ejdnl
더하다,ㄷㅓㅎㅏㄷㅏ,ejgkek
덕,ㄷㅓㄱ,ejr
덕분,ㄷㅓㄱㅂㅜㄴ,ejrqns
덕수궁,ㄷㅓㄱㅅㅜㄱㅜㅇ,ejrtnrnd
던지다,ㄷㅓㄴㅈㅣㄷㅏ,ejswlek
덜,ㄷㅓㄹ,ejf
덜다,ㄷㅓㄹㄷㅏ,ejfek
덥다,ㄷㅓㅂㄷㅏ,ejqek
덧붙이다,ㄷㅓㅅㅂㅜㅌㅇㅣㄷㅏ,ejtqnxdlek
덩어리,ㄷㅓㅇㅇㅓㄹㅣ,ejddjfl
덮다,ㄷㅓㅍㄷㅏ,ejvek
덮이다,ㄷㅓㅍㅇㅣㄷㅏ,ejvdlek
데,ㄷㅔ,ep
데려가다,ㄷㅔㄹㅕㄱㅏㄷㅏ,epfurkek
데려오다,ㄷㅔㄹㅕㅇㅗㄷㅏ,epfudhek
데리다,ㄷㅔㄹㅣㄷㅏ,epflek
데우다,ㄷㅔㅇㅜㄷㅏ,epdnek
데이트,ㄷㅔㅇㅣㅌㅡ,epdlxm
도,ㄷㅗ,eh
도달하다,ㄷㅗㄷㅏㄹㅎㅏㄷㅏ,ehekfgkek
도대체,ㄷㅗㄷㅐㅊㅔ,eheocp
도덕,ㄷㅗㄷㅓㄱ,ehejr
도둑,ㄷㅗㄷㅜㄱ,ehenr
도로,ㄷㅗㄹㅗ,ehfh
도리어,ㄷㅗㄹㅣㅇㅓ,ehfldj
도마,ㄷㅗㅁㅏ,ehak
도망,ㄷㅗㅁㅏㅇ,ehakd
도망가다,ㄷㅗㅁㅏㅇㄱㅏㄷㅏ,ehakdrkek
도망치다,ㄷㅗㅁㅏㅇㅊㅣㄷㅏ,ehakdclek
도서관,ㄷㅗㅅㅓㄱㅘㄴ,ehtjrhks
도시,ㄷㅗㅅㅣ,ehtl
도시락,ㄷㅗㅅㅣㄹㅏㄱ,ehtlfkr
도심,ㄷㅗㅅㅣㅁ,ehtla
도와주다,ㄷㅗㅇㅘㅈㅜㄷㅏ,ehdhkwnek
도움,ㄷㅗㅇㅜㅁ,ehdna
도움말,ㄷㅗㅇㅜㅁㅁㅏㄹ,ehdnaakf
도입,ㄷㅗㅇㅣㅂ,ehdlq
도자기,ㄷㅗㅈㅏㄱㅣ,ehwkrl
도저히,ㄷㅗㅈㅓㅎㅣ,ehwjgl
도전,ㄷㅗㅈㅓㄴ,ehwjs
도중,ㄷㅗㅈㅜㅇ,ehwnd
도착,ㄷㅗㅊㅏㄱ,ehckr
도착하다,ㄷㅗㅊㅏㄱㅎㅏㄷㅏ,ehckrgkek
도쿄(동경),ㄷㅗㅋㅛ(ㄷㅗㅇㄱㅕㅇ),ehzy(ehdrud)
독감,ㄷㅗㄱㄱㅏㅁ,ehrrka
독립,ㄷㅗㄱㄹㅣㅂ,ehrflq
독립하다,ㄷㅗㄱㄹㅣㅂㅎㅏㄷㅏ,ehrflqgkek
독서,ㄷㅗㄱㅅㅓ,ehrtj
독일,ㄷㅗㄱㅇㅣㄹ,ehrdlf
독일어,ㄷㅗㄱㅇㅣㄹㅇㅓ,ehrdlfdj
독창적,ㄷㅗㄱㅊㅏㅇㅈㅓㄱ,ehrckdwjr
독특하다,ㄷㅗㄱㅌㅡㄱㅎㅏㄷㅏ,ehrxmrgkek
독하다,ㄷㅗㄱㅎㅏㄷㅏ,ehrgkek
돈,ㄷㅗㄴ,ehs
돌,ㄷㅗㄹ,ehf
돌다,ㄷㅗㄹㄷㅏ,ehfek
돌려주다,ㄷㅗㄹㄹㅕㅈㅜㄷㅏ,ehffuwnek
돌리다,ㄷㅗㄹㄹㅣㄷㅏ,ehfflek
돌멩이,ㄷㅗㄹㅁㅔㅇㅇㅣ,ehfapddl
돌보다,ㄷㅗㄹㅂㅗㄷㅏ,ehfqhek
돌아가다,ㄷㅗㄹㅇㅏㄱㅏㄷㅏ,ehfdkrkek
돌아다니다,ㄷㅗㄹㅇㅏㄷㅏㄴㅣㄷㅏ,ehfdkekslek
돌아보다,ㄷㅗㄹㅇㅏㅂㅗㄷㅏ,ehfdkqhek
돌아서다,ㄷㅗㄹㅇㅏㅅㅓㄷㅏ,ehfdktjek
돌아오다,ㄷㅗㄹㅇㅏㅇㅗㄷㅏ,ehfdkdhek
돕다,ㄷㅗㅂㄷㅏ,ehqek
동,ㄷㅗㅇ,ehd
동그라미,ㄷㅗㅇㄱㅡㄹㅏㅁㅣ,ehdrmfkal
동그랗다,ㄷㅗㅇㄱㅡㄹㅏㅎㄷㅏ,ehdrmfkgek
동기,ㄷㅗㅇㄱㅣ,ehdrl
동네,ㄷㅗㅇㄴㅔ,ehdsp
동대문,ㄷㅗㅇㄷㅐㅁㅜㄴ,ehdeoans
동대문시장,ㄷㅗㅇㄷㅐㅁㅜㄴㅅㅣㅈㅏㅇ,ehdeoanstlwkd
동료,ㄷㅗㅇㄹㅛ,ehdfy
동물,ㄷㅗㅇㅁㅜㄹ,ehdanf
동물원,ㄷㅗㅇㅁㅜㄹㅇㅝㄴ,ehdanfdnjs
동부,ㄷㅗㅇㅂㅜ,ehdqn
동생,ㄷㅗㅇㅅㅐㅇ,ehdtod
동서,ㄷㅗㅇㅅㅓ,ehdtj
동서남북,ㄷㅗㅇㅅㅓㄴㅏㅁㅂㅜㄱ,ehdtjskaqnr
동시,ㄷㅗㅇㅅㅣ,ehdtl
동아리,ㄷㅗㅇㅇㅏㄹㅣ,ehddkfl
동안,ㄷㅗㅇㅇㅏㄴ,ehddks
동양,ㄷㅗㅇㅇㅑㅇ,ehddid
동양인,ㄷㅗㅇㅇㅑㅇㅇㅣㄴ,ehddiddls
동의,ㄷㅗㅇㅇㅢ,ehddml
동의하다,ㄷㅗㅇㅇㅢㅎㅏㄷㅏ,ehddmlgkek
동일하다,ㄷㅗㅇㅇㅣㄹㅎㅏㄷㅏ,ehddlfgkek
동작,ㄷㅗㅇㅈㅏㄱ,ehdwkr
동전,ㄷㅗㅇㅈㅓㄴ,ehdwjs
동쪽,ㄷㅗㅇㅉㅗㄱ,ehdWhr
동창,ㄷㅗㅇㅊㅏㅇ,ehdckd
동포,ㄷㅗㅇㅍㅗ,ehdvh
동행,ㄷㅗㅇㅎㅐㅇ,ehdgod
동화,ㄷㅗㅇㅎㅘ,ehdghk
동화책,ㄷㅗㅇㅎㅘㅊㅐㄱ,ehdghkcor
돼지,ㄷㅙㅈㅣ,ehowl
돼지고기,ㄷㅙㅈㅣㄱㅗㄱㅣ,ehowlrhrl
되게,ㄷㅚㄱㅔ,ehlrp
되다,ㄷㅚㄷㅏ,ehlek
되돌리다,ㄷㅚㄷㅗㄹㄹㅣㄷㅏ,ehlehfflek
되돌아가다,ㄷㅚㄷㅗㄹㅇㅏㄱㅏㄷㅏ,ehlehfdkrkek
되돌아보다,ㄷㅚㄷㅗㄹㅇㅏㅂㅗㄷㅏ,ehlehfdkqhek
되돌아오다,ㄷㅚㄷㅗㄹㅇㅏㅇㅗㄷㅏ,ehlehfdkdhek
되살리다,ㄷㅚㅅㅏㄹㄹㅣㄷㅏ,ehltkfflek
되찾다,ㄷㅚㅊㅏㅈㄷㅏ,ehlckwek
되풀이되다,ㄷㅚㅍㅜㄹㅇㅣㄷㅚㄷㅏ,ehlvnfdlehlek
되풀이하다,ㄷㅚㅍㅜㄹㅇㅣㅎㅏㄷㅏ,ehlvnfdlgkek
된장,ㄷㅚㄴㅈㅏㅇ,ehlswkd
된장찌개,ㄷㅚㄴㅈㅏㅇㅉㅣㄱㅐ,ehlswkdWlro
두,ㄷㅜ,en
두껍다,ㄷㅜㄲㅓㅂㄷㅏ,enRjqek
두께,ㄷㅜㄲㅔ,enRp
두뇌,ㄷㅜㄴㅚ,enshl
두다,ㄷㅜㄷㅏ,enek
두드러지다,ㄷㅜㄷㅡㄹㅓㅈㅣㄷㅏ,enemfjwlek
두드리다,ㄷㅜㄷㅡㄹㅣㄷㅏ,enemflek
두려움,ㄷㅜㄹㅕㅇㅜㅁ,enfudna
두려워하다,ㄷㅜㄹㅕㅇㅝㅎㅏㄷㅏ,enfudnjgkek
두렵다,ㄷㅜㄹㅕㅂㄷㅏ,enfuqek
두르다,ㄷㅜㄹㅡㄷㅏ,enfmek
두리번거리다,ㄷㅜㄹㅣㅂㅓㄴㄱㅓㄹㅣㄷㅏ,enflqjsrjflek
두부,ㄷㅜㅂㅜ,enqn
두세,ㄷㅜㅅㅔ,entp
두어,ㄷㅜㅇㅓ,endj
두통,ㄷㅜㅌㅗㅇ,enxhd
둘,ㄷㅜㄹ,enf
둘러보다,ㄷㅜㄹㄹㅓㅂㅗㄷㅏ,enffjqhek
둘러싸다,ㄷㅜㄹㄹㅓㅆㅏㄷㅏ,enffjTkek
둘러싸이다,ㄷㅜㄹㄹㅓㅆㅏㅇㅣㄷㅏ,enffjTkdlek
둘째,ㄷㅜㄹㅉㅐ,enfWo
둥글다,ㄷㅜㅇㄱㅡㄹㄷㅏ,endrmfek
둥지,ㄷㅜㅇㅈㅣ,endwl
뒤,ㄷㅟ,enl
뒤늦다,ㄷㅟㄴㅡㅈㄷㅏ,enlsmwek
뒤따르다,ㄷㅟㄸㅏㄹㅡㄷㅏ,enlEkfmek
뒤지다,ㄷㅟㅈㅣㄷㅏ,enlwlek
뒤집다,ㄷㅟㅈㅣㅂㄷㅏ,enlwlqek
뒤쪽,ㄷㅟㅉㅗㄱ,enlWhr
뒤편,ㄷㅟㅍㅕㄴ,enlvus
뒷골목,ㄷㅟㅅㄱㅗㄹㅁㅗㄱ,enltrhfahr
뒷모습,ㄷㅟㅅㅁㅗㅅㅡㅂ,enltahtmq
뒷문,ㄷㅟㅅㅁㅜㄴ,enltans
뒷산,ㄷㅟㅅㅅㅏㄴ,enlttks
드디어,ㄷㅡㄷㅣㅇㅓ,emeldj
드라마,ㄷㅡㄹㅏㅁㅏ,emfkak
드러나다,ㄷㅡㄹㅓㄴㅏㄷㅏ,emfjskek
드리다,ㄷㅡㄹㅣㄷㅏ,emflek
드물다,ㄷㅡㅁㅜㄹㄷㅏ,emanfek
듣다,ㄷㅡㄷㄷㅏ,emeek
들,ㄷㅡㄹ,emf
들다,ㄷㅡㄹㄷㅏ,emfek
들려오다,ㄷㅡㄹㄹㅕㅇㅗㄷㅏ,emffudhek
들려주다,ㄷㅡㄹㄹㅕㅈㅜㄷㅏ,emffuwnek
들르다,ㄷㅡㄹㄹㅡㄷㅏ,emffmek
들리다,ㄷㅡㄹㄹㅣㄷㅏ,emfflek
들어가다,ㄷㅡㄹㅇㅓㄱㅏㄷㅏ,emfdjrkek
들어서다,ㄷㅡㄹㅇㅓㅅㅓㄷㅏ,emfdjtjek
들어오다,ㄷㅡㄹㅇㅓㅇㅗㄷㅏ,emfdjdhek
들어주다,ㄷㅡㄹㅇㅓㅈㅜㄷㅏ,emfdjwnek
들여놓다,ㄷㅡㄹㅇㅕㄴㅗㅎㄷㅏ,emfdushgek
들여다보다,ㄷㅡㄹㅇㅕㄷㅏㅂㅗㄷㅏ,emfduekqhek
들이다,ㄷㅡㄹㅇㅣㄷㅏ,emfdlek
들이마시다,ㄷㅡㄹㅇㅣㅁㅏㅅㅣㄷㅏ,emfdlaktlek
들이켜다,ㄷㅡㄹㅇㅣㅋㅕㄷㅏ,emfdlzuek
듯,ㄷㅡㅅ,emt
듯싶다,ㄷㅡㅅㅅㅣㅍㄷㅏ,emttlvek
듯이,ㄷㅡㅅㅇㅣ,emtdl
듯하다,ㄷㅡㅅㅎㅏㄷㅏ,emtgkek
등,ㄷㅡㅇ,emd
등등,ㄷㅡㅇㄷㅡㅇ,emdemd
등록,ㄷㅡㅇㄹㅗㄱ,emdfhr
등록금,ㄷㅡㅇㄹㅗㄱㄱㅡㅁ,emdfhrrma
등록증,ㄷㅡㅇㄹㅗㄱㅈㅡㅇ,emdfhrwmd
등록하다,ㄷㅡㅇㄹㅗㄱㅎㅏㄷㅏ,emdfhrgkek
등산,ㄷㅡㅇㅅㅏㄴ,emdtks
등산로,ㄷㅡㅇㅅㅏㄴㄹㅗ,emdtksfh
등장,ㄷㅡㅇㅈㅏㅇ,emdwkd
등장하다,ㄷㅡㅇㅈㅏㅇㅎㅏㄷㅏ,emdwkdgkek
디스크,ㄷㅣㅅㅡㅋㅡ,eltmzm
디자이너,ㄷㅣㅈㅏㅇㅣㄴㅓ,elwkdlsj
디자인,ㄷㅣㅈㅏㅇㅣㄴ,elwkdls
따님,ㄸㅏㄴㅣㅁ,Eksla
따다,ㄸㅏㄷㅏ,Ekek
따뜻하다,ㄸㅏㄸㅡㅅㅎㅏㄷㅏ,EkEmtgkek
따라가다,ㄸㅏㄹㅏㄱㅏㄷㅏ,Ekfkrkek
따라다니다,ㄸㅏㄹㅏㄷㅏㄴㅣㄷㅏ,Ekfkekslek
따라서,ㄸㅏㄹㅏㅅㅓ,Ekfktj
따라오다,ㄸㅏㄹㅏㅇㅗㄷㅏ,Ekfkdhek
따로,ㄸㅏㄹㅗ,Ekfh
따로따로,ㄸㅏㄹㅗㄸㅏㄹㅗ,EkfhEkfh
따르다,ㄸㅏㄹㅡㄷㅏ,Ekfmek
따스하다,ㄸㅏㅅㅡㅎㅏㄷㅏ,Ektmgkek
딱,ㄸㅏㄱ,Ekr
딱딱하다,ㄸㅏㄱㄸㅏㄱㅎㅏㄷㅏ,EkrEkrgkek
딴,ㄸㅏㄴ,Eks
딸,ㄸㅏㄹ,Ekf
딸기,ㄸㅏㄹㄱㅣ,Ekfrl
딸아이,ㄸㅏㄹㅇㅏㅇㅣ,Ekfdkdl
땀,ㄸㅏㅁ,Eka
땅,ㄸㅏㅇ,Ekd
땅바닥,ㄸㅏㅇㅂㅏㄷㅏㄱ,Ekdqkekr
땅속,ㄸㅏㅇㅅㅗㄱ,Ekdthr
땅콩,ㄸㅏㅇㅋㅗㅇ,Ekdzhd
때,ㄸㅐ,Eo
때때로,ㄸㅐㄸㅐㄹㅗ,EoEofh
때로,ㄸㅐㄹㅗ,Eofh
때리다,ㄸㅐㄹㅣㄷㅏ,Eoflek
때문,ㄸㅐㅁㅜㄴ,Eoans
땜,ㄸㅐㅁ,Eoa
떠나가다,ㄸㅓㄴㅏㄱㅏㄷㅏ,Ejskrkek
떠나다,ㄸㅓㄴㅏㄷㅏ,Ejskek
떠나오다,ㄸㅓㄴㅏㅇㅗㄷㅏ,Ejskdhek
떠들다,ㄸㅓㄷㅡㄹㄷㅏ,Ejemfek
떠들썩하다,ㄸㅓㄷㅡㄹㅆㅓㄱㅎㅏㄷㅏ,EjemfTjrgkek
떠오르다,ㄸㅓㅇㅗㄹㅡㄷㅏ,Ejdhfmek
떠올리다,ㄸㅓㅇㅗㄹㄹㅣㄷㅏ,Ejdhfflek
떡,ㄸㅓㄱ,Ejr
떡국,ㄸㅓㄱㄱㅜㄱ,Ejrrnr
떡볶이,ㄸㅓㄱㅂㅗㄲㅇㅣ,EjrqhRdl
떨다,ㄸㅓㄹㄷㅏ,Ejfek
떨리다,ㄸㅓㄹㄹㅣㄷㅏ,Ejfflek
떨어뜨리다,ㄸㅓㄹㅇㅓㄸㅡㄹㅣㄷㅏ,EjfdjEmflek
떨어지다,ㄸㅓㄹㅇㅓㅈㅣㄷㅏ,Ejfdjwlek
떼,ㄸㅔ,Ep
떼다,ㄸㅔㄷㅏ,Epek
또,ㄸㅗ,Eh
또는,ㄸㅗㄴㅡㄴ,Ehsms
또다시,ㄸㅗㄷㅏㅅㅣ,Ehektl
또한,ㄸㅗㅎㅏㄴ,Ehgks
똑같다,ㄸㅗㄱㄱㅏㅌㄷㅏ,Ehrrkxek
똑같이,ㄸㅗㄱㄱㅏㅌㅇㅣ,Ehrrkxdl
똑똑하다,ㄸㅗㄱㄸㅗㄱㅎㅏㄷㅏ,EhrEhrgkek
똑바로,ㄸㅗㄱㅂㅏㄹㅗ,Ehrqkfh
뚜껑,ㄸㅜㄲㅓㅇ,EnRjd
뚫다,ㄸㅜㅀㄷㅏ,Enfgek
뚱뚱하다,ㄸㅜㅇㄸㅜㅇㅎㅏㄷㅏ,EndEndgkek
뛰놀다,ㄸㅟㄴㅗㄹㄷㅏ,Enlshfek
뛰다,ㄸㅟㄷㅏ,Enlek
뛰어가다,ㄸㅟㅇㅓㄱㅏㄷㅏ,Enldjrkek
뛰어나가다,ㄸㅟㅇㅓㄴㅏㄱㅏㄷㅏ,Enldjskrkek
뛰어나다,ㄸㅟㅇㅓㄴㅏㄷㅏ,Enldjskek
뛰어나오다,ㄸㅟㅇㅓㄴㅏㅇㅗㄷㅏ,Enldjskdhek
뛰어내리다,ㄸㅟㅇㅓㄴㅐㄹㅣㄷㅏ,Enldjsoflek
뛰어넘다,ㄸㅟㅇㅓㄴㅓㅁㄷㅏ,Enldjsjaek
뛰어놀다,ㄸㅟㅇㅓㄴㅗㄹㄷㅏ,Enldjshfek
뛰어다니다,ㄸㅟㅇㅓㄷㅏㄴㅣㄷㅏ,Enldjekslek
뛰어들다,ㄸㅟㅇㅓㄷㅡㄹㄷㅏ,Enldjemfek
뛰어오다,ㄸㅟㅇㅓㅇㅗㄷㅏ,Enldjdhek
뛰어오르다,ㄸㅟㅇㅓㅇㅗㄹㅡㄷㅏ,Enldjdhfmek
뜨겁다,ㄸㅡㄱㅓㅂㄷㅏ,Emrjqek
뜨다,ㄸㅡㄷㅏ,Emek
뜯다,ㄸㅡㄷㄷㅏ,Emeek
뜰,ㄸㅡㄹ,Emf
뜻,ㄸㅡㅅ,Emt
뜻대로,ㄸㅡㅅㄷㅐㄹㅗ,Emteofh
뜻밖,ㄸㅡㅅㅂㅏㄲ,EmtqkR
뜻밖에,ㄸㅡㅅㅂㅏㄲㅇㅔ,EmtqkRdp
뜻하다,ㄸㅡㅅㅎㅏㄷㅏ,Emtgkek
띄다,ㄸㅢㄷㅏ,Emlek
띄우다,ㄸㅢㅇㅜㄷㅏ,Emldnek
라디오,ㄹㅏㄷㅣㅇㅗ,fkeldh
라면,ㄹㅏㅁㅕㄴ,fkaus
라운드,ㄹㅏㅇㅜㄴㄷㅡ,fkdnsem
라이벌,ㄹㅏㅇㅣㅂㅓㄹ,fkdlqjf
라이터,ㄹㅏㅇㅣㅌㅓ,fkdlxj
라인,ㄹㅏㅇㅣㄴ,fkdls
라켓,ㄹㅏㅋㅔㅅ,fkzpt
러시아,ㄹㅓㅅㅣㅇㅏ,fjtldk
런던,ㄹㅓㄴㄷㅓㄴ,fjsejs
레몬,ㄹㅔㅁㅗㄴ,fpahs
레스토랑,ㄹㅔㅅㅡㅌㅗㄹㅏㅇ,fptmxhfkd
레이저,ㄹㅔㅇㅣㅈㅓ,fpdlwj
레저,ㄹㅔㅈㅓ,fpwj
렌즈,ㄹㅔㄴㅈㅡ,fpswm
로봇,ㄹㅗㅂㅗㅅ,fhqht
로터리,ㄹㅗㅌㅓㄹㅣ,fhxjfl
리,ㄹㅣ,fl
리그,ㄹㅣㄱㅡ,flrm
리듬,ㄹㅣㄷㅡㅁ,flema
리터,ㄹㅣㅌㅓ,flxj
마구,ㅁㅏㄱㅜ,akrn
마누라,ㅁㅏㄴㅜㄹㅏ,aksnfk
마늘,ㅁㅏㄴㅡㄹ,aksmf
마당,ㅁㅏㄷㅏㅇ,akekd
마디,ㅁㅏㄷㅣ,akel
마땅하다,ㅁㅏㄸㅏㅇㅎㅏㄷㅏ,akEkdgkek
마라톤,ㅁㅏㄹㅏㅌㅗㄴ,akfkxhs
마련,ㅁㅏㄹㅕㄴ,akfus
마련되다,ㅁㅏㄹㅕㄴㄷㅚㄷㅏ,akfusehlek
마련하다,ㅁㅏㄹㅕㄴㅎㅏㄷㅏ,akfusgkek
마루,ㅁㅏㄹㅜ,akfn
마르다,ㅁㅏㄹㅡㄷㅏ,akfmek
마리,ㅁㅏㄹㅣ,akfl
마무리,ㅁㅏㅁㅜㄹㅣ,akanfl
마사지,ㅁㅏㅅㅏㅈㅣ,aktkwl
마시다,ㅁㅏㅅㅣㄷㅏ,aktlek
마약,ㅁㅏㅇㅑㄱ,akdir
마요네즈,ㅁㅏㅇㅛㄴㅔㅈㅡ,akdyspwm
마을,ㅁㅏㅇㅡㄹ,akdmf
마음,ㅁㅏㅇㅡㅁ,akdma
마음가짐,ㅁㅏㅇㅡㅁㄱㅏㅈㅣㅁ,akdmarkwla
마음껏,ㅁㅏㅇㅡㅁㄲㅓㅅ,akdmaRjt
마음대로,ㅁㅏㅇㅡㅁㄷㅐㄹㅗ,akdmaeofh
마음먹다,ㅁㅏㅇㅡㅁㅁㅓㄱㄷㅏ,akdmaajrek
마음속,ㅁㅏㅇㅡㅁㅅㅗㄱ,akdmathr
마음씨,ㅁㅏㅇㅡㅁㅆㅣ,akdmaTl
마이크,ㅁㅏㅇㅣㅋㅡ,akdlzm
마주,ㅁㅏㅈㅜ,akwn
마주치다,ㅁㅏㅈㅜㅊㅣㄷㅏ,akwnclek
마중,ㅁㅏㅈㅜㅇ,akwnd
마지막,ㅁㅏㅈㅣㅁㅏㄱ,akwlakr
마찬가지,ㅁㅏㅊㅏㄴㄱㅏㅈㅣ,akcksrkwl
마찰,ㅁㅏㅊㅏㄹ,akckf
마치,ㅁㅏㅊㅣ,akcl
마치다,ㅁㅏㅊㅣㄷㅏ,akclek
마침,ㅁㅏㅊㅣㅁ,akcla
마침내,ㅁㅏㅊㅣㅁㄴㅐ,akclaso
마크,ㅁㅏㅋㅡ,akzm
마흔,ㅁㅏㅎㅡㄴ,akgms
막,ㅁㅏㄱ,akr
막걸리,ㅁㅏㄱㄱㅓㄹㄹㅣ,akrrjffl
막내,ㅁㅏㄱㄴㅐ,akrso
막다,ㅁㅏㄱㄷㅏ,akrek
막상,ㅁㅏㄱㅅㅏㅇ,akrtkd
막히다,ㅁㅏㄱㅎㅣㄷㅏ,akrglek
만,ㅁㅏㄴ,aks
만나다,ㅁㅏㄴㄴㅏㄷㅏ,aksskek
만남,ㅁㅏㄴㄴㅏㅁ,aksska
만두,ㅁㅏㄴㄷㅜ,aksen
만들다,ㅁㅏㄴㄷㅡㄹㄷㅏ,aksemfek
만들어지다,ㅁㅏㄴㄷㅡㄹㅇㅓㅈㅣㄷㅏ,aksemfdjwlek
만만하다,ㅁㅏㄴㅁㅏㄴㅎㅏㄷㅏ,aksaksgkek
만세,ㅁㅏㄴㅅㅔ,akstp
만약,ㅁㅏㄴㅇㅑㄱ,aksdir
만일,ㅁㅏㄴㅇㅣㄹ,aksdlf
만점,ㅁㅏㄴㅈㅓㅁ,akswja
만족,ㅁㅏㄴㅈㅗㄱ,akswhr
만족스럽다,ㅁㅏㄴㅈㅗㄱㅅㅡㄹㅓㅂㄷㅏ,akswhrtmfjqek
만족하다,ㅁㅏㄴㅈㅗㄱㅎㅏㄷㅏ,akswhrgkek
만지다,ㅁㅏㄴㅈㅣㄷㅏ,akswlek
만큼,ㅁㅏㄴㅋㅡㅁ,akszma
만하다,ㅁㅏㄴㅎㅏㄷㅏ,aksgkek
만화가,ㅁㅏㄴㅎㅘㄱㅏ,aksghkrk
많다,ㅁㅏㄶㄷㅏ,aksgek
많아지다,ㅁㅏㄶㅇㅏㅈㅣㄷㅏ,aksgdkwlek
많이,ㅁㅏㄶㅇㅣ,aksgdl
말,ㅁㅏㄹ,akf
말기,ㅁㅏㄹㄱㅣ,akfrl
말다,ㅁㅏㄹㄷㅏ,akfek
말리다,ㅁㅏㄹㄹㅣㄷㅏ,akfflek
말씀,ㅁㅏㄹㅆㅡㅁ,akfTma
말씀드리다,ㅁㅏㄹㅆㅡㅁㄷㅡㄹㅣㄷㅏ,akfTmaemflek
말씀하다,ㅁㅏㄹㅆㅡㅁㅎㅏㄷㅏ,akfTmagkek
말없이,ㅁㅏㄹㅇㅓㅄㅇㅣ,akfdjqtdl
말투,ㅁㅏㄹㅌㅜ,akfxn
말하다,ㅁㅏㄹㅎㅏㄷㅏ,akfgkek
맑다,ㅁㅏㄺㄷㅏ,akfrek
맘,ㅁㅏㅁ,aka
맘대로,ㅁㅏㅁㄷㅐㄹㅗ,akaeofh
맛,ㅁㅏㅅ,akt
맛보다,ㅁㅏㅅㅂㅗㄷㅏ,aktqhek
맛없다,ㅁㅏㅅㅇㅓㅄㄷㅏ,aktdjqtek
맛있다,ㅁㅏㅅㅇㅣㅆㄷㅏ,aktdlTek
망설이다,ㅁㅏㅇㅅㅓㄹㅇㅣㄷㅏ,akdtjfdlek
망원경,ㅁㅏㅇㅇㅝㄴㄱㅕㅇ,akddnjsrud
망치다,ㅁㅏㅇㅊㅣㄷㅏ,akdclek
망하다,ㅁㅏㅇㅎㅏㄷㅏ,akdgkek
맞다,ㅁㅏㅈㄷㅏ,akwek
맞서다,ㅁㅏㅈㅅㅓㄷㅏ,akwtjek
맞은편,ㅁㅏㅈㅇㅡㄴㅍㅕㄴ,akwdmsvus
맞이하다,ㅁㅏㅈㅇㅣㅎㅏㄷㅏ,akwdlgkek
맞추다,ㅁㅏㅈㅊㅜㄷㅏ,akwcnek
맡기다,ㅁㅏㅌㄱㅣㄷㅏ,akxrlek
맡다,ㅁㅏㅌㄷㅏ,akxek
매,ㅁㅐ,ao
매너,ㅁㅐㄴㅓ,aosj
매년,ㅁㅐㄴㅕㄴ,aosus
매다,ㅁㅐㄷㅏ,aoek
매달,ㅁㅐㄷㅏㄹ,aoekf
매달다,ㅁㅐㄷㅏㄹㄷㅏ,aoekfek
매달리다,ㅁㅐㄷㅏㄹㄹㅣㄷㅏ,aoekfflek
매력,ㅁㅐㄹㅕㄱ,aofur
매번,ㅁㅐㅂㅓㄴ,aoqjs
매스컴,ㅁㅐㅅㅡㅋㅓㅁ,aotmzja
매우,ㅁㅐㅇㅜ,aodn
매일,ㅁㅐㅇㅣㄹ,aodlf
매장,ㅁㅐㅈㅏㅇ,aowkd
매주,ㅁㅐㅈㅜ,aown
매체,ㅁㅐㅊㅔ,aocp
맥주,ㅁㅐㄱㅈㅜ,aorwn
맨,ㅁㅐㄴ,aos
맵다,ㅁㅐㅂㄷㅏ,aoqek
맺다,ㅁㅐㅈㄷㅏ,aowek
머리,ㅁㅓㄹㅣ,ajfl
머리말,ㅁㅓㄹㅣㅁㅏㄹ,ajflakf
머리카락,ㅁㅓㄹㅣㅋㅏㄹㅏㄱ,ajflzkfkr
머리칼,ㅁㅓㄹㅣㅋㅏㄹ,ajflzkf
머릿속,ㅁㅓㄹㅣㅅㅅㅗㄱ,ajfltthr
머무르다,ㅁㅓㅁㅜㄹㅡㄷㅏ,ajanfmek
머물다,ㅁㅓㅁㅜㄹㄷㅏ,ajanfek
먹고살다,ㅁㅓㄱㄱㅗㅅㅏㄹㄷㅏ,ajrrhtkfek
먹다,ㅁㅓㄱㄷㅏ,ajrek
먹이,ㅁㅓㄱㅇㅣ,ajrdl
먹이다,ㅁㅓㄱㅇㅣㄷㅏ,ajrdlek
먹히다,ㅁㅓㄱㅎㅣㄷㅏ,ajrglek
먼저,ㅁㅓㄴㅈㅓ,ajswj
먼지,ㅁㅓㄴㅈㅣ,ajswl
멀다,ㅁㅓㄹㄷㅏ,ajfek
멀리,ㅁㅓㄹㄹㅣ,ajffl
멀어지다,ㅁㅓㄹㅇㅓㅈㅣㄷㅏ,ajfdjwlek
멈추다,ㅁㅓㅁㅊㅜㄷㅏ,ajacnek
멋,ㅁㅓㅅ,ajt
멋있다,ㅁㅓㅅㅇㅣㅆㄷㅏ,ajtdlTek
멋지다,ㅁㅓㅅㅈㅣㄷㅏ,ajtwlek
멍멍,ㅁㅓㅇㅁㅓㅇ,ajdajd
멎다,ㅁㅓㅈㄷㅏ,ajwek
메뉴,ㅁㅔㄴㅠ,apsb
메다,ㅁㅔㄷㅏ,apek
메모,ㅁㅔㅁㅗ,apah
메시지,ㅁㅔㅅㅣㅈㅣ,aptlwl
메우다,ㅁㅔㅇㅜㄷㅏ,apdnek
메일,ㅁㅔㅇㅣㄹ,apdlf
며느리,ㅁㅕㄴㅡㄹㅣ,ausmfl
며칠,ㅁㅕㅊㅣㄹ,auclf
면,ㅁㅕㄴ,aus
면담,ㅁㅕㄴㄷㅏㅁ,auseka
면적,ㅁㅕㄴㅈㅓㄱ,auswjr
면접,ㅁㅕㄴㅈㅓㅂ,auswjq
면하다,ㅁㅕㄴㅎㅏㄷㅏ,ausgkek
멸치,ㅁㅕㄹㅊㅣ,aufcl
명,ㅁㅕㅇ,aud
명단,ㅁㅕㅇㄷㅏㄴ,audeks
명령,ㅁㅕㅇㄹㅕㅇ,audfud
명령어,ㅁㅕㅇㄹㅕㅇㅇㅓ,audfuddj
명예,ㅁㅕㅇㅇㅖ,auddP
명의,ㅁㅕㅇㅇㅢ,auddml
명절,ㅁㅕㅇㅈㅓㄹ,audwjf
명칭,ㅁㅕㅇㅊㅣㅇ,audcld
명함,ㅁㅕㅇㅎㅏㅁ,audgka
명확하다,ㅁㅕㅇㅎㅘㄱㅎㅏㄷㅏ,audghkrgkek
몇,ㅁㅕㅊ,auc
몇몇,ㅁㅕㅊㅁㅕㅊ,aucauc
몇십,ㅁㅕㅊㅅㅣㅂ,auctlq
모금,ㅁㅗㄱㅡㅁ,ahrma
모기,ㅁㅗㄱㅣ,ahrl
모니터,ㅁㅗㄴㅣㅌㅓ,ahslxj
모델,ㅁㅗㄷㅔㄹ,ahepf
모두,ㅁㅗㄷㅜ,ahen
모든,ㅁㅗㄷㅡㄴ,ahems
모래,ㅁㅗㄹㅐ,ahfo
모레,ㅁㅗㄹㅔ,ahfp
모르다,ㅁㅗㄹㅡㄷㅏ,ahfmek
모범,ㅁㅗㅂㅓㅁ,ahqja
모색하다,ㅁㅗㅅㅐㄱㅎㅏㄷㅏ,ahtorgkek
모습,ㅁㅗㅅㅡㅂ,ahtmq
모시다,ㅁㅗㅅㅣㄷㅏ,ahtlek
모양,ㅁㅗㅇㅑㅇ,ahdid
모여들다,ㅁㅗㅇㅕㄷㅡㄹㄷㅏ,ahduemfek
모으다,ㅁㅗㅇㅡㄷㅏ,ahdmek
모이다,ㅁㅗㅇㅣㄷㅏ,ahdlek
모임,ㅁㅗㅇㅣㅁ,ahdla
모자,ㅁㅗㅈㅏ,ahwk
모자라다,ㅁㅗㅈㅏㄹㅏㄷㅏ,ahwkfkek
모조리,ㅁㅗㅈㅗㄹㅣ,ahwhfl
모집,ㅁㅗㅈㅣㅂ,ahwlq
모집하다,ㅁㅗㅈㅣㅂㅎㅏㄷㅏ,ahwlqgkek
모처럼,ㅁㅗㅊㅓㄹㅓㅁ,ahcjfja
모퉁이,ㅁㅗㅌㅜㅇㅇㅣ,ahxnddl
목,ㅁㅗㄱ,ahr
목걸이,ㅁㅗㄱㄱㅓㄹㅇㅣ,ahrrjfdl
목록,ㅁㅗㄱㄹㅗㄱ,ahrfhr
목사,ㅁㅗㄱㅅㅏ,ahrtk
목소리,ㅁㅗㄱㅅㅗㄹㅣ,ahrthfl
목숨,ㅁㅗㄱㅅㅜㅁ,ahrtna
목요일,ㅁㅗㄱㅇㅛㅇㅣㄹ,ahrdydlf
목욕,ㅁㅗㄱㅇㅛㄱ,ahrdyr
목욕탕,ㅁㅗㄱㅇㅛㄱㅌㅏㅇ,ahrdyrxkd
목적,ㅁㅗㄱㅈㅓㄱ,ahrwjr
목표,ㅁㅗㄱㅍㅛ,ahrvy
몰다,ㅁㅗㄹㄷㅏ,ahfek
몰래,ㅁㅗㄹㄹㅐ,ahffo
몰려들다,ㅁㅗㄹㄹㅕㄷㅡㄹㄷㅏ,ahffuemfek
몰려오다,ㅁㅗㄹㄹㅕㅇㅗㄷㅏ,ahffudhek
몸,ㅁㅗㅁ,aha
몸매,ㅁㅗㅁㅁㅐ,ahaao
몸무게,ㅁㅗㅁㅁㅜㄱㅔ,ahaanrp
몸살,ㅁㅗㅁㅅㅏㄹ,ahatkf
몸속,ㅁㅗㅁㅅㅗㄱ,ahathr
몸짓,ㅁㅗㅁㅈㅣㅅ,ahawlt
몸통,ㅁㅗㅁㅌㅗㅇ,ahaxhd
몹시,ㅁㅗㅂㅅㅣ,ahqtl
못,ㅁㅗㅅ,aht
못되다,ㅁㅗㅅㄷㅚㄷㅏ,ahtehlek
못생기다,ㅁㅗㅅㅅㅐㅇㄱㅣㄷㅏ,ahttodrlek
못지않다,ㅁㅗㅅㅈㅣㅇㅏㄶㄷㅏ,ahtwldksgek
못하다,ㅁㅗㅅㅎㅏㄷㅏ,ahtgkek
묘사,ㅁㅛㅅㅏ,aytk
묘사하다,ㅁㅛㅅㅏㅎㅏㄷㅏ,aytkgkek
무,ㅁㅜ,an
무겁다,ㅁㅜㄱㅓㅂㄷㅏ,anrjqek
무게,ㅁㅜㄱㅔ,anrp
무관심,ㅁㅜㄱㅘㄴㅅㅣㅁ,anrhkstla
무관심하다,ㅁㅜㄱㅘㄴㅅㅣㅁㅎㅏㄷㅏ,anrhkstlagkek
무궁화,ㅁㅜㄱㅜㅇㅎㅘ,anrndghk
무기,ㅁㅜㄱㅣ,anrl
무너지다,ㅁㅜㄴㅓㅈㅣㄷㅏ,ansjwlek
무늬,ㅁㅜㄴㅢ,ansml
무대,ㅁㅜㄷㅐ,aneo
무더위,ㅁㅜㄷㅓㅇㅟ,anejdnl
무덤,ㅁㅜㄷㅓㅁ,aneja
무덥다,ㅁㅜㄷㅓㅂㄷㅏ,anejqek
무려,ㅁㅜㄹㅕ,anfu
무렵,ㅁㅜㄹㅕㅂ,anfuq
무료,ㅁㅜㄹㅛ,anfy
무릎,ㅁㅜㄹㅡㅍ,anfmv
무리,ㅁㅜㄹㅣ,anfl
무리하다,ㅁㅜㄹㅣㅎㅏㄷㅏ,anflgkek
무사하다,ㅁㅜㅅㅏㅎㅏㄷㅏ,antkgkek
무섭다,ㅁㅜㅅㅓㅂㄷㅏ,antjqek
무슨,ㅁㅜㅅㅡㄴ,antms
무시하다,ㅁㅜㅅㅣㅎㅏㄷㅏ,antlgkek
무어,ㅁㅜㅇㅓ,andj
무엇,ㅁㅜㅇㅓㅅ,andjt
무역,ㅁㅜㅇㅕㄱ,andur
무용,ㅁㅜㅇㅛㅇ,andyd
무용가,ㅁㅜㅇㅛㅇㄱㅏ,andydrk
무의미하다,ㅁㅜㅇㅢㅁㅣㅎㅏㄷㅏ,andmlalgkek
무조건,ㅁㅜㅈㅗㄱㅓㄴ,anwhrjs
무지개,ㅁㅜㅈㅣㄱㅐ,anwlro
무책임하다,ㅁㅜㅊㅐㄱㅇㅣㅁㅎㅏㄷㅏ,ancordlagkek
무척,ㅁㅜㅊㅓㄱ,ancjr
묵다,ㅁㅜㄱㄷㅏ,anrek
묶다,ㅁㅜㄲㄷㅏ,anRek
묶이다,ㅁㅜㄲㅇㅣㄷㅏ,anRdlek
문,ㅁㅜㄴ,ans
문구,ㅁㅜㄴㄱㅜ,ansrn
문득,ㅁㅜㄴㄷㅡㄱ,ansemr
문밖,ㅁㅜㄴㅂㅏㄲ,ansqkR
문법,ㅁㅜㄴㅂㅓㅂ,ansqjq
문서,ㅁㅜㄴㅅㅓ,anstj
문자,ㅁㅜㄴㅈㅏ,answk
문장,ㅁㅜㄴㅈㅏㅇ,answkd
문제,ㅁㅜㄴㅈㅔ,answp
문제되다,ㅁㅜㄴㅈㅔㄷㅚㄷㅏ,answpehlek
문제점,ㅁㅜㄴㅈㅔㅈㅓㅁ,answpwja
문학,ㅁㅜㄴㅎㅏㄱ,ansgkr
문학적,ㅁㅜㄴㅎㅏㄱㅈㅓㄱ,ansgkrwjr
문화,ㅁㅜㄴㅎㅘ,ansghk
문화재,ㅁㅜㄴㅎㅘㅈㅐ,ansghkwo
문화적,ㅁㅜㄴㅎㅘㅈㅓㄱ,ansghkwjr
묻다,ㅁㅜㄷㄷㅏ,aneek
묻히다,ㅁㅜㄷㅎㅣㄷㅏ,aneglek
물,ㅁㅜㄹ,anf
물가,ㅁㅜㄹㄱㅏ,anfrk
물건,ㅁㅜㄹㄱㅓㄴ,anfrjs
물결,ㅁㅜㄹㄱㅕㄹ,anfruf
물고기,ㅁㅜㄹㄱㅗㄱㅣ,anfrhrl
물기,ㅁㅜㄹㄱㅣ,anfrl
물다,ㅁㅜㄹㄷㅏ,anfek
물러나다,ㅁㅜㄹㄹㅓㄴㅏㄷㅏ,anffjskek
물론,ㅁㅜㄹㄹㅗㄴ,anffhs
물리학,ㅁㅜㄹㄹㅣㅎㅏㄱ,anfflgkr
물속,ㅁㅜㄹㅅㅗㄱ,anfthr
물어보다,ㅁㅜㄹㅇㅓㅂㅗㄷㅏ,anfdjqhek
물음,ㅁㅜㄹㅇㅡㅁ,anfdma
물질,ㅁㅜㄹㅈㅣㄹ,anfwlf
물질적,ㅁㅜㄹㅈㅣㄹㅈㅓㄱ,anfwlfwjr
물체,ㅁㅜㄹㅊㅔ,anfcp
뭐,ㅁㅝ,anj
뭘,ㅁㅝㄹ,anjf
뭣,ㅁㅝㅅ,anjt
미국,ㅁㅣㄱㅜㄱ,alrnr
미끄러지다,ㅁㅣㄲㅡㄹㅓㅈㅣㄷㅏ,alRmfjwlek
미끄럽다,ㅁㅣㄲㅡㄹㅓㅂㄷㅏ,alRmfjqek
미니,ㅁㅣㄴㅣ,alsl
미디어,ㅁㅣㄷㅣㅇㅓ,aleldj
미래,ㅁㅣㄹㅐ,alfo
미루다,ㅁㅣㄹㅜㄷㅏ,alfnek
미리,ㅁㅣㄹㅣ,alfl
미만,ㅁㅣㅁㅏㄴ,alaks
미사일,ㅁㅣㅅㅏㅇㅣㄹ,altkdlf
미소,ㅁㅣㅅㅗ,alth
미술,ㅁㅣㅅㅜㄹ,altnf
미술관,ㅁㅣㅅㅜㄹㄱㅘㄴ,altnfrhks
미스,ㅁㅣㅅㅡ,altm
미안하다,ㅁㅣㅇㅏㄴㅎㅏㄷㅏ,aldksgkek
미역,ㅁㅣㅇㅕㄱ,aldur
미용실,ㅁㅣㅇㅛㅇㅅㅣㄹ,aldydtlf
미움,ㅁㅣㅇㅜㅁ,aldna
미워하다,ㅁㅣㅇㅝㅎㅏㄷㅏ,aldnjgkek
미인,ㅁㅣㅇㅣㄴ,aldls
미처,ㅁㅣㅊㅓ,alcj
미치다,ㅁㅣㅊㅣㄷㅏ,alclek
미터,ㅁㅣㅌㅓ,alxj
미팅,ㅁㅣㅌㅣㅇ,alxld
미혼,ㅁㅣㅎㅗㄴ,alghs
민간,ㅁㅣㄴㄱㅏㄴ,alsrks
민속,ㅁㅣㄴㅅㅗㄱ,alsthr
민족,ㅁㅣㄴㅈㅗㄱ,alswhr
민주,ㅁㅣㄴㅈㅜ,alswn
민주주의,ㅁㅣㄴㅈㅜㅈㅜㅇㅢ,alswnwndml
민주화,ㅁㅣㄴㅈㅜㅎㅘ,alswnghk
믿다,ㅁㅣㄷㄷㅏ,aleek
믿어지다,ㅁㅣㄷㅇㅓㅈㅣㄷㅏ,aledjwlek
믿음,ㅁㅣㄷㅇㅡㅁ,aledma
밀가루,ㅁㅣㄹㄱㅏㄹㅜ,alfrkfn
밀다,ㅁㅣㄹㄷㅏ,alfek
밀리다,ㅁㅣㄹㄹㅣㄷㅏ,alfflek
밀리미터,ㅁㅣㄹㄹㅣㅁㅣㅌㅓ,alfflalxj
밀접하다,ㅁㅣㄹㅈㅓㅂㅎㅏㄷㅏ,alfwjqgkek
밉다,ㅁㅣㅂㄷㅏ,alqek
및,ㅁㅣㅊ,alc
밑,ㅁㅣㅌ,alx
밑바닥,ㅁㅣㅌㅂㅏㄷㅏㄱ,alxqkekr
바,ㅂㅏ,qk
바가지,ㅂㅏㄱㅏㅈㅣ,qkrkwl
바구니,ㅂㅏㄱㅜㄴㅣ,qkrnsl
바깥,ㅂㅏㄲㅏㅌ,qkRkx
바깥쪽,ㅂㅏㄲㅏㅌㅉㅗㄱ,qkRkxWhr
바꾸다,ㅂㅏㄲㅜㄷㅏ,qkRnek
바뀌다,ㅂㅏㄲㅟㄷㅏ,qkRnlek
바나나,ㅂㅏㄴㅏㄴㅏ,qksksk
바늘,ㅂㅏㄴㅡㄹ,qksmf
바다,ㅂㅏㄷㅏ,qkek
바닥,ㅂㅏㄷㅏㄱ,qkekr
바닷가,ㅂㅏㄷㅏㅅㄱㅏ,qkektrk
바닷물,ㅂㅏㄷㅏㅅㅁㅜㄹ,qkektanf
바라다,ㅂㅏㄹㅏㄷㅏ,qkfkek
바라보다,ㅂㅏㄹㅏㅂㅗㄷㅏ,qkfkqhek
바람,ㅂㅏㄹㅏㅁ,qkfka
바람직하다,ㅂㅏㄹㅏㅁㅈㅣㄱㅎㅏㄷㅏ,qkfkawlrgkek
바로,ㅂㅏㄹㅗ,qkfh
바로잡다,ㅂㅏㄹㅗㅈㅏㅂㄷㅏ,qkfhwkqek
바르다,ㅂㅏㄹㅡㄷㅏ,qkfmek
바보,ㅂㅏㅂㅗ,qkqh
바쁘다,ㅂㅏㅃㅡㄷㅏ,qkQmek
바싹,ㅂㅏㅆㅏㄱ,qkTkr
바위,ㅂㅏㅇㅟ,qkdnl
바이러스,ㅂㅏㅇㅣㄹㅓㅅㅡ,qkdlfjtm
바이올린,ㅂㅏㅇㅣㅇㅗㄹㄹㅣㄴ,qkdldhffls
바지,ㅂㅏㅈㅣ,qkwl
바치다,ㅂㅏㅊㅣㄷㅏ,qkclek
바퀴,ㅂㅏㅋㅟ,qkznl
바탕,ㅂㅏㅌㅏㅇ,qkxkd
박다,ㅂㅏㄱㄷㅏ,qkrek
박물관,ㅂㅏㄱㅁㅜㄹㄱㅘㄴ,qkranfrhks
박사,ㅂㅏㄱㅅㅏ,qkrtk
박수,ㅂㅏㄱㅅㅜ,qkrtn
박스,ㅂㅏㄱㅅㅡ,qkrtm
박히다,ㅂㅏㄱㅎㅣㄷㅏ,qkrglek
밖,ㅂㅏㄲ,qkR
반,ㅂㅏㄴ,qks
반갑다,ㅂㅏㄴㄱㅏㅂㄷㅏ,qksrkqek
반기다,ㅂㅏㄴㄱㅣㄷㅏ,qksrlek
반대,ㅂㅏㄴㄷㅐ,qkseo
반대편,ㅂㅏㄴㄷㅐㅍㅕㄴ,qkseovus
반대하다,ㅂㅏㄴㄷㅐㅎㅏㄷㅏ,qkseogkek
반드시,ㅂㅏㄴㄷㅡㅅㅣ,qksemtl
반말,ㅂㅏㄴㅁㅏㄹ,qksakf
반면,ㅂㅏㄴㅁㅕㄴ,qksaus
반발,ㅂㅏㄴㅂㅏㄹ,qksqkf
반복되다,ㅂㅏㄴㅂㅗㄱㄷㅚㄷㅏ,qksqhrehlek
반복하다,ㅂㅏㄴㅂㅗㄱㅎㅏㄷㅏ,qksqhrgkek
반성,ㅂㅏㄴㅅㅓㅇ,qkstjd
반성하다,ㅂㅏㄴㅅㅓㅇㅎㅏㄷㅏ,qkstjdgkek
반영하다,ㅂㅏㄴㅇㅕㅇㅎㅏㄷㅏ,qksdudgkek
반응,ㅂㅏㄴㅇㅡㅇ,qksdmd
반장,ㅂㅏㄴㅈㅏㅇ,qkswkd
반죽,ㅂㅏㄴㅈㅜㄱ,qkswnr
반지,ㅂㅏㄴㅈㅣ,qkswl
반짝거리다,ㅂㅏㄴㅉㅏㄱㄱㅓㄹㅣㄷㅏ,qksWkrrjflek
반짝이다,ㅂㅏㄴㅉㅏㄱㅇㅣㄷㅏ,qksWkrdlek
반찬,ㅂㅏㄴㅊㅏㄴ,qkscks
반하다,ㅂㅏㄴㅎㅏㄷㅏ,qksgkek
받다,ㅂㅏㄷㄷㅏ,qkeek
받아들이다,ㅂㅏㄷㅇㅏㄷㅡㄹㅇㅣㄷㅏ,qkedkemfdlek
받침,ㅂㅏㄷㅊㅣㅁ,qkecla
발,ㅂㅏㄹ,qkf
발가락,ㅂㅏㄹㄱㅏㄹㅏㄱ,qkfrkfkr
발걸음,ㅂㅏㄹㄱㅓㄹㅇㅡㅁ,qkfrjfdma
발견,ㅂㅏㄹㄱㅕㄴ,qkfrus
발견되다,ㅂㅏㄹㄱㅕㄴㄷㅚㄷㅏ,qkfrusehlek
발견하다,ㅂㅏㄹㄱㅕㄴㅎㅏㄷㅏ,qkfrusgkek
발길,ㅂㅏㄹㄱㅣㄹ,qkfrlf
발끝,ㅂㅏㄹㄲㅡㅌ,qkfRmx
발달,ㅂㅏㄹㄷㅏㄹ,qkfekf
발달되다,ㅂㅏㄹㄷㅏㄹㄷㅚㄷㅏ,qkfekfehlek
발달하다,ㅂㅏㄹㄷㅏㄹㅎㅏㄷㅏ,qkfekfgkek
발등,ㅂㅏㄹㄷㅡㅇ,qkfemd
발레,ㅂㅏㄹㄹㅔ,qkffp
발목,ㅂㅏㄹㅁㅗㄱ,qkfahr
발바닥,ㅂㅏㄹㅂㅏㄷㅏㄱ,qkfqkekr
발생,ㅂㅏㄹㅅㅐㅇ,qkftod
발생하다,ㅂㅏㄹㅅㅐㅇㅎㅏㄷㅏ,qkftodgkek
발음,ㅂㅏㄹㅇㅡㅁ,qkfdma
발음하다,ㅂㅏㄹㅇㅡㅁㅎㅏㄷㅏ,qkfdmagkek
발자국,ㅂㅏㄹㅈㅏㄱㅜㄱ,qkfwkrnr
발전,ㅂㅏㄹㅈㅓㄴ,qkfwjs
발전되다,ㅂㅏㄹㅈㅓㄴㄷㅚㄷㅏ,qkfwjsehlek
발전하다,ㅂㅏㄹㅈㅓㄴㅎㅏㄷㅏ,qkfwjsgkek
발톱,ㅂㅏㄹㅌㅗㅂ,qkfxhq
발표,ㅂㅏㄹㅍㅛ,qkfvy
발표되다,ㅂㅏㄹㅍㅛㄷㅚㄷㅏ,qkfvyehlek
발표하다,ㅂㅏㄹㅍㅛㅎㅏㄷㅏ,qkfvygkek
발휘하다,ㅂㅏㄹㅎㅟㅎㅏㄷㅏ,qkfgnlgkek
밝다,ㅂㅏㄺㄷㅏ,qkfrek
밝아지다,ㅂㅏㄺㅇㅏㅈㅣㄷㅏ,qkfrdkwlek
밝혀내다,ㅂㅏㄺㅎㅕㄴㅐㄷㅏ,qkfrgusoek
밝혀지다,ㅂㅏㄺㅎㅕㅈㅣㄷㅏ,qkfrguwlek
밝히다,ㅂㅏㄺㅎㅣㄷㅏ,qkfrglek
밟다,ㅂㅏㄼㄷㅏ,qkfqek
밤,ㅂㅏㅁ,qka
밤낮,ㅂㅏㅁㄴㅏㅈ,qkaskw
밤늦다,ㅂㅏㅁㄴㅡㅈㄷㅏ,qkasmwek
밤새,ㅂㅏㅁㅅㅐ,qkato
밤새다,ㅂㅏㅁㅅㅐㄷㅏ,qkatoek
밤새우다,ㅂㅏㅁㅅㅐㅇㅜㄷㅏ,qkatodnek
밤색,ㅂㅏㅁㅅㅐㄱ,qkator
밤중,ㅂㅏㅁㅈㅜㅇ,qkawnd
밤하늘,ㅂㅏㅁㅎㅏㄴㅡㄹ,qkagksmf
밥,ㅂㅏㅂ,qkq
밥그릇,ㅂㅏㅂㄱㅡㄹㅡㅅ,qkqrmfmt
밥맛,ㅂㅏㅂㅁㅏㅅ,qkqakt
밥상,ㅂㅏㅂㅅㅏㅇ,qkqtkd
밥솥,ㅂㅏㅂㅅㅗㅌ,qkqthx
방,ㅂㅏㅇ,qkd
방금,ㅂㅏㅇㄱㅡㅁ,qkdrma
방면,ㅂㅏㅇㅁㅕㄴ,qkdaus
방문,ㅂㅏㅇㅁㅜㄴ,qkdans
방문하다,ㅂㅏㅇㅁㅜㄴㅎㅏㄷㅏ,qkdansgkek
방바닥,ㅂㅏㅇㅂㅏㄷㅏㄱ,qkdqkekr
방법,ㅂㅏㅇㅂㅓㅂ,qkdqjq
방송,ㅂㅏㅇㅅㅗㅇ,qkdthd
방송국,ㅂㅏㅇㅅㅗㅇㄱㅜㄱ,qkdthdrnr
방송사,ㅂㅏㅇㅅㅗㅇㅅㅏ,qkdthdtk
방송하다,ㅂㅏㅇㅅㅗㅇㅎㅏㄷㅏ,qkdthdgkek
방식,ㅂㅏㅇㅅㅣㄱ,qkdtlr
방안,ㅂㅏㅇㅇㅏㄴ,qkddks
방울,ㅂㅏㅇㅇㅜㄹ,qkddnf
방지,ㅂㅏㅇㅈㅣ,qkdwl
방지하다,ㅂㅏㅇㅈㅣㅎㅏㄷㅏ,qkdwlgkek
방학,ㅂㅏㅇㅎㅏㄱ,qkdgkr
방해,ㅂㅏㅇㅎㅐ,qkdgo
방해하다,ㅂㅏㅇㅎㅐㅎㅏㄷㅏ,qkdgogkek
방향,ㅂㅏㅇㅎㅑㅇ,qkdgid
밭,ㅂㅏㅌ,qkx
배,ㅂㅐ,qo
배경,ㅂㅐㄱㅕㅇ,qorud
배고프다,ㅂㅐㄱㅗㅍㅡㄷㅏ,qorhvmek
배구,ㅂㅐㄱㅜ,qorn
배꼽,ㅂㅐㄲㅗㅂ,qoRhq
배다,ㅂㅐㄷㅏ,qoek
배달,ㅂㅐㄷㅏㄹ,qoekf
배드민턴,ㅂㅐㄷㅡㅁㅣㄴㅌㅓㄴ,qoemalsxjs
배부르다,ㅂㅐㅂㅜㄹㅡㄷㅏ,qoqnfmek
배우,ㅂㅐㅇㅜ,qodn
배우다,ㅂㅐㅇㅜㄷㅏ,qodnek
배우자,ㅂㅐㅇㅜㅈㅏ,qodnwk
배추,ㅂㅐㅊㅜ,qocn
배추김치,ㅂㅐㅊㅜㄱㅣㅁㅊㅣ,qocnrlacl
배치,ㅂㅐㅊㅣ,qocl
백,ㅂㅐㄱ,qor
백두산,ㅂㅐㄱㄷㅜㅅㅏㄴ,qorentks
백색,ㅂㅐㄱㅅㅐㄱ,qortor
백성,ㅂㅐㄱㅅㅓㅇ,qortjd
백인,ㅂㅐㄱㅇㅣㄴ,qordls
백제,ㅂㅐㄱㅈㅔ,qorwp
백화점,ㅂㅐㄱㅎㅘㅈㅓㅁ,qorghkwja
뱀,ㅂㅐㅁ,qoa
뱃사람,ㅂㅐㅅㅅㅏㄹㅏㅁ,qottkfka
뱉다,ㅂㅐㅌㄷㅏ,qoxek
버려지다,ㅂㅓㄹㅕㅈㅣㄷㅏ,qjfuwlek
버릇,ㅂㅓㄹㅡㅅ,qjfmt
버리다,ㅂㅓㄹㅣㄷㅏ,qjflek
버섯,ㅂㅓㅅㅓㅅ,qjtjt
버스,ㅂㅓㅅㅡ,qjtm
버터,ㅂㅓㅌㅓ,qjxj
버튼,ㅂㅓㅌㅡㄴ,qjxms
버티다,ㅂㅓㅌㅣㄷㅏ,qjxlek
번,ㅂㅓㄴ,qjs
번개,ㅂㅓㄴㄱㅐ,qjsro
번거롭다,ㅂㅓㄴㄱㅓㄹㅗㅂㄷㅏ,qjsrjfhqek
번역,ㅂㅓㄴㅇㅕㄱ,qjsdur
번역하다,ㅂㅓㄴㅇㅕㄱㅎㅏㄷㅏ,qjsdurgkek
번지,ㅂㅓㄴㅈㅣ,qjswl
번째,ㅂㅓㄴㅉㅐ,qjsWo
번호,ㅂㅓㄴㅎㅗ,qjsgh
벌,ㅂㅓㄹ,qjf
벌금,ㅂㅓㄹㄱㅡㅁ,qjfrma
벌다,ㅂㅓㄹㄷㅏ,qjfek
벌떡,ㅂㅓㄹㄸㅓㄱ,qjfEjr
벌레,ㅂㅓㄹㄹㅔ,qjffp
벌리다,ㅂㅓㄹㄹㅣㄷㅏ,qjfflek
벌써,ㅂㅓㄹㅆㅓ,qjfTj
벌어지다,ㅂㅓㄹㅇㅓㅈㅣㄷㅏ,qjfdjwlek
벌이다,ㅂㅓㄹㅇㅣㄷㅏ,qjfdlek
범위,ㅂㅓㅁㅇㅟ,qjadnl
범인,ㅂㅓㅁㅇㅣㄴ,qjadls
범죄,ㅂㅓㅁㅈㅚ,qjawhl
법,ㅂㅓㅂ,qjq
법률,ㅂㅓㅂㄹㅠㄹ,qjqfbf
법원,ㅂㅓㅂㅇㅝㄴ,qjqdnjs
법적,ㅂㅓㅂㅈㅓㄱ,qjqwjr
법칙,ㅂㅓㅂㅊㅣㄱ,qjqclr
벗기다,ㅂㅓㅅㄱㅣㄷㅏ,qjtrlek
벗다,ㅂㅓㅅㄷㅏ,qjtek
베개,ㅂㅔㄱㅐ,qpro
베다,ㅂㅔㄷㅏ,qpek
베이징(북경),ㅂㅔㅇㅣㅈㅣㅇ(ㅂㅜㄱㄱㅕㅇ),qpdlwld(qnrrud)
벤치,ㅂㅔㄴㅊㅣ,qpscl
벨트,ㅂㅔㄹㅌㅡ,qpfxm
벼,ㅂㅕ,qu
벽,ㅂㅕㄱ,qur
변경,ㅂㅕㄴㄱㅕㅇ,qusrud
변동,ㅂㅕㄴㄷㅗㅇ,qusehd
변명,ㅂㅕㄴㅁㅕㅇ,qusaud
변신,ㅂㅕㄴㅅㅣㄴ,qustls
변하다,ㅂㅕㄴㅎㅏㄷㅏ,qusgkek
변호사,ㅂㅕㄴㅎㅗㅅㅏ,qusghtk
변화,ㅂㅕㄴㅎㅘ,qusghk
변화되다,ㅂㅕㄴㅎㅘㄷㅚㄷㅏ,qusghkehlek
변화하다,ㅂㅕㄴㅎㅘㅎㅏㄷㅏ,qusghkgkek
별,ㅂㅕㄹ,quf
별다르다,ㅂㅕㄹㄷㅏㄹㅡㄷㅏ,qufekfmek
별도,ㅂㅕㄹㄷㅗ,qufeh
별로,ㅂㅕㄹㄹㅗ,quffh
별명,ㅂㅕㄹㅁㅕㅇ,qufaud
별일,ㅂㅕㄹㅇㅣㄹ,qufdlf
병,ㅂㅕㅇ,qud
병들다,ㅂㅕㅇㄷㅡㄹㄷㅏ,qudemfek
병실,ㅂㅕㅇㅅㅣㄹ,qudtlf
병아리,ㅂㅕㅇㅇㅏㄹㅣ,quddkfl
병원,ㅂㅕㅇㅇㅝㄴ,quddnjs
보고,ㅂㅗㄱㅗ,qhrh
보고서,ㅂㅗㄱㅗㅅㅓ,qhrhtj
보고하다,ㅂㅗㄱㅗㅎㅏㄷㅏ,qhrhgkek
보관,ㅂㅗㄱㅘㄴ,qhrhks
보관하다,ㅂㅗㄱㅘㄴㅎㅏㄷㅏ,qhrhksgkek
보내다,ㅂㅗㄴㅐㄷㅏ,qhsoek
보내오다,ㅂㅗㄴㅐㅇㅗㄷㅏ,qhsodhek
보너스,ㅂㅗㄴㅓㅅㅡ,qhsjtm
보다,ㅂㅗㄷㅏ,qhek
보도,ㅂㅗㄷㅗ,qheh
보도되다,ㅂㅗㄷㅗㄷㅚㄷㅏ,qhehehlek
보도하다,ㅂㅗㄷㅗㅎㅏㄷㅏ,qhehgkek
보라색,ㅂㅗㄹㅏㅅㅐㄱ,qhfktor
보람,ㅂㅗㄹㅏㅁ,qhfka
보름,ㅂㅗㄹㅡㅁ,qhfma
보리,ㅂㅗㄹㅣ,qhfl
보살피다,ㅂㅗㅅㅏㄹㅍㅣㄷㅏ,qhtkfvlek
보상,ㅂㅗㅅㅏㅇ,qhtkd
보수,ㅂㅗㅅㅜ,qhtn
보수적,ㅂㅗㅅㅜㅈㅓㄱ,qhtnwjr
보안,ㅂㅗㅇㅏㄴ,qhdks
보완하다,ㅂㅗㅇㅘㄴㅎㅏㄷㅏ,qhdhksgkek
보이다,ㅂㅗㅇㅣㄷㅏ,qhdlek
보자기,ㅂㅗㅈㅏㄱㅣ,qhwkrl
보장,ㅂㅗㅈㅏㅇ,qhwkd
보장되다,ㅂㅗㅈㅏㅇㄷㅚㄷㅏ,qhwkdehlek
보장하다,ㅂㅗㅈㅏㅇㅎㅏㄷㅏ,qhwkdgkek
보전,ㅂㅗㅈㅓㄴ,qhwjs
보조,ㅂㅗㅈㅗ,qhwh
보존,ㅂㅗㅈㅗㄴ,qhwhs
보존하다,ㅂㅗㅈㅗㄴㅎㅏㄷㅏ,qhwhsgkek
보충하다,ㅂㅗㅊㅜㅇㅎㅏㄷㅏ,qhcndgkek
보통,ㅂㅗㅌㅗㅇ,qhxhd
보편적,ㅂㅗㅍㅕㄴㅈㅓㄱ,qhvuswjr
보험,ㅂㅗㅎㅓㅁ,qhgja
보호,ㅂㅗㅎㅗ,qhgh
보호되다,ㅂㅗㅎㅗㄷㅚㄷㅏ,qhghehlek
보호하다,ㅂㅗㅎㅗㅎㅏㄷㅏ,qhghgkek
복도,ㅂㅗㄱㄷㅗ,qhreh
복사,ㅂㅗㄱㅅㅏ,qhrtk
복사기,ㅂㅗㄱㅅㅏㄱㅣ,qhrtkrl
복사하다,ㅂㅗㄱㅅㅏㅎㅏㄷㅏ,qhrtkgkek
복숭아,ㅂㅗㄱㅅㅜㅇㅇㅏ,qhrtnddk
복습,ㅂㅗㄱㅅㅡㅂ,qhrtmq
복습하다,ㅂㅗㄱㅅㅡㅂㅎㅏㄷㅏ,qhrtmqgkek
복잡하다,ㅂㅗㄱㅈㅏㅂㅎㅏㄷㅏ,qhrwkqgkek
볶다,ㅂㅗㄲㄷㅏ,qhRek
볶음,ㅂㅗㄲㅇㅡㅁ,qhRdma
볶음밥,ㅂㅗㄲㅇㅡㅁㅂㅏㅂ,qhRdmaqkq
본,ㅂㅗㄴ,qhs
본격적,ㅂㅗㄴㄱㅕㄱㅈㅓㄱ,qhsrurwjr
본래,ㅂㅗㄴㄹㅐ,qhsfo
본부,ㅂㅗㄴㅂㅜ,qhsqn
본사,ㅂㅗㄴㅅㅏ,qhstk
본성,ㅂㅗㄴㅅㅓㅇ,qhstjd
본인,ㅂㅗㄴㅇㅣㄴ,qhsdls
본질,ㅂㅗㄴㅈㅣㄹ,qhswlf
볼,ㅂㅗㄹ,qhf
볼링,ㅂㅗㄹㄹㅣㅇ,qhffld
볼일,ㅂㅗㄹㅇㅣㄹ,qhfdlf
볼펜,ㅂㅗㄹㅍㅔㄴ,qhfvps
봄,ㅂㅗㅁ,qha
봉사,ㅂㅗㅇㅅㅏ,qhdtk
봉사하다,ㅂㅗㅇㅅㅏㅎㅏㄷㅏ,qhdtkgkek
봉지,ㅂㅗㅇㅈㅣ,qhdwl
봉투,ㅂㅗㅇㅌㅜ,qhdxn
뵈다,ㅂㅚㄷㅏ,qhlek
뵙다,ㅂㅚㅂㄷㅏ,qhlqek
부근,ㅂㅜㄱㅡㄴ,qnrms
부끄러움,ㅂㅜㄲㅡㄹㅓㅇㅜㅁ,qnRmfjdna
부끄럽다,ㅂㅜㄲㅡㄹㅓㅂㄷㅏ,qnRmfjqek
부담,ㅂㅜㄷㅏㅁ,qneka
부담하다,ㅂㅜㄷㅏㅁㅎㅏㄷㅏ,qnekagkek
부대,ㅂㅜㄷㅐ,qneo
부동산,ㅂㅜㄷㅗㅇㅅㅏㄴ,qnehdtks
부드럽다,ㅂㅜㄷㅡㄹㅓㅂㄷㅏ,qnemfjqek
부딪치다,ㅂㅜㄷㅣㅈㅊㅣㄷㅏ,qnelwclek
부딪히다,ㅂㅜㄷㅣㅈㅎㅣㄷㅏ,qnelwglek
부러워하다,ㅂㅜㄹㅓㅇㅝㅎㅏㄷㅏ,qnfjdnjgkek
부러지다,ㅂㅜㄹㅓㅈㅣㄷㅏ,qnfjwlek
부럽다,ㅂㅜㄹㅓㅂㄷㅏ,qnfjqek
부르다,ㅂㅜㄹㅡㄷㅏ,qnfmek
부모,ㅂㅜㅁㅗ,qnah
부모님,ㅂㅜㅁㅗㄴㅣㅁ,qnahsla
부문,ㅂㅜㅁㅜㄴ,qnans
부부,ㅂㅜㅂㅜ,qnqn
부분,ㅂㅜㅂㅜㄴ,qnqns
부분적,ㅂㅜㅂㅜㄴㅈㅓㄱ,qnqnswjr
부산,ㅂㅜㅅㅏㄴ,qntks
부상,ㅂㅜㅅㅏㅇ,qntkd
부서지다,ㅂㅜㅅㅓㅈㅣㄷㅏ,qntjwlek
부엌,ㅂㅜㅇㅓㅋ,qndjz
부위,ㅂㅜㅇㅟ,qndnl
부인,ㅂㅜㅇㅣㄴ,qndls
부자,ㅂㅜㅈㅏ,qnwk
부작용,ㅂㅜㅈㅏㄱㅇㅛㅇ,qnwkrdyd
부잣집,ㅂㅜㅈㅏㅅㅈㅣㅂ,qnwktwlq
부장,ㅂㅜㅈㅏㅇ,qnwkd
부재,ㅂㅜㅈㅐ,qnwo
부정,ㅂㅜㅈㅓㅇ,qnwjd
부정적,ㅂㅜㅈㅓㅇㅈㅓㄱ,qnwjdwjr
부정하다,ㅂㅜㅈㅓㅇㅎㅏㄷㅏ,qnwjdgkek
부족,ㅂㅜㅈㅗㄱ,qnwhr
부족하다,ㅂㅜㅈㅗㄱㅎㅏㄷㅏ,qnwhrgkek
부지런하다,ㅂㅜㅈㅣㄹㅓㄴㅎㅏㄷㅏ,qnwlfjsgkek
부지런히,ㅂㅜㅈㅣㄹㅓㄴㅎㅣ,qnwlfjsgl
부채,ㅂㅜㅊㅐ,qnco
부처,ㅂㅜㅊㅓ,qncj
부치다,ㅂㅜㅊㅣㄷㅏ,qnclek
부친,ㅂㅜㅊㅣㄴ,qncls
부탁,ㅂㅜㅌㅏㄱ,qnxkr
부탁하다,ㅂㅜㅌㅏㄱㅎㅏㄷㅏ,qnxkrgkek
부품,ㅂㅜㅍㅜㅁ,qnvna
부피,ㅂㅜㅍㅣ,qnvl
부회장,ㅂㅜㅎㅚㅈㅏㅇ,qnghlwkd
북,ㅂㅜㄱ,qnr
북부,ㅂㅜㄱㅂㅜ,qnrqn
북쪽,ㅂㅜㄱㅉㅗㄱ,qnrWhr
북한,ㅂㅜㄱㅎㅏㄴ,qnrgks
분,ㅂㅜㄴ,qns
분노,ㅂㅜㄴㄴㅗ,qnssh
분량,ㅂㅜㄴㄹㅑㅇ,qnsfid
분리,ㅂㅜㄴㄹㅣ,qnsfl
분리되다,ㅂㅜㄴㄹㅣㄷㅚㄷㅏ,qnsflehlek
분리하다,ㅂㅜㄴㄹㅣㅎㅏㄷㅏ,qnsflgkek
분명,ㅂㅜㄴㅁㅕㅇ,qnsaud
분명하다,ㅂㅜㄴㅁㅕㅇㅎㅏㄷㅏ,qnsaudgkek
분명해지다,ㅂㅜㄴㅁㅕㅇㅎㅐㅈㅣㄷㅏ,qnsaudgowlek
분명히,ㅂㅜㄴㅁㅕㅇㅎㅣ,qnsaudgl
분석,ㅂㅜㄴㅅㅓㄱ,qnstjr
분석하다,ㅂㅜㄴㅅㅓㄱㅎㅏㄷㅏ,qnstjrgkek
분야,ㅂㅜㄴㅇㅑ,qnsdi
분위기,ㅂㅜㄴㅇㅟㄱㅣ,qnsdnlrl
분주하다,ㅂㅜㄴㅈㅜㅎㅏㄷㅏ,qnswngkek
분포하다,ㅂㅜㄴㅍㅗㅎㅏㄷㅏ,qnsvhgkek
분필,ㅂㅜㄴㅍㅣㄹ,qnsvlf
분홍색,ㅂㅜㄴㅎㅗㅇㅅㅐㄱ,qnsghdtor
불,ㅂㅜㄹ,qnf
불가능하다,ㅂㅜㄹㄱㅏㄴㅡㅇㅎㅏㄷㅏ,qnfrksmdgkek
불가피하다,ㅂㅜㄹㄱㅏㅍㅣㅎㅏㄷㅏ,qnfrkvlgkek
불고기,ㅂㅜㄹㄱㅗㄱㅣ,qnfrhrl
불과,ㅂㅜㄹㄱㅘ,qnfrhk
불과하다,ㅂㅜㄹㄱㅘㅎㅏㄷㅏ,qnfrhkgkek
불교,ㅂㅜㄹㄱㅛ,qnfry
불구하다,ㅂㅜㄹㄱㅜㅎㅏㄷㅏ,qnfrngkek
불꽃,ㅂㅜㄹㄲㅗㅊ,qnfRhc
불다,ㅂㅜㄹㄷㅏ,qnfek
불러일으키다,ㅂㅜㄹㄹㅓㅇㅣㄹㅇㅡㅋㅣㄷㅏ,qnffjdlfdmzlek
불리다,ㅂㅜㄹㄹㅣㄷㅏ,qnfflek
불리하다,ㅂㅜㄹㄹㅣㅎㅏㄷㅏ,qnfflgkek
불만,ㅂㅜㄹㅁㅏㄴ,qnfaks
불법,ㅂㅜㄹㅂㅓㅂ,qnfqjq
불빛,ㅂㅜㄹㅂㅣㅊ,qnfqlc
불쌍하다,ㅂㅜㄹㅆㅏㅇㅎㅏㄷㅏ,qnfTkdgkek
불안,ㅂㅜㄹㅇㅏㄴ,qnfdks
불안하다,ㅂㅜㄹㅇㅏㄴㅎㅏㄷㅏ,qnfdksgkek
불어오다,ㅂㅜㄹㅇㅓㅇㅗㄷㅏ,qnfdjdhek
불완전하다,ㅂㅜㄹㅇㅘㄴㅈㅓㄴㅎㅏㄷㅏ,qnfdhkswjsgkek
불이익,ㅂㅜㄹㅇㅣㅇㅣㄱ,qnfdldlr
불편,ㅂㅜㄹㅍㅕㄴ,qnfvus
불편하다,ㅂㅜㄹㅍㅕㄴㅎㅏㄷㅏ,qnfvusgkek
불평,ㅂㅜㄹㅍㅕㅇ,qnfvud
불평등하다,ㅂㅜㄹㅍㅕㅇㄷㅡㅇㅎㅏㄷㅏ,qnfvudemdgkek
불필요하다,ㅂㅜㄹㅍㅣㄹㅇㅛㅎㅏㄷㅏ,qnfvlfdygkek
불행,ㅂㅜㄹㅎㅐㅇ,qnfgod
불행하다,ㅂㅜㄹㅎㅐㅇㅎㅏㄷㅏ,qnfgodgkek
불확실하다,ㅂㅜㄹㅎㅘㄱㅅㅣㄹㅎㅏㄷㅏ,qnfghkrtlfgkek
붉다,ㅂㅜㄺㄷㅏ,qnfrek
붐비다,ㅂㅜㅁㅂㅣㄷㅏ,qnaqlek
붓다,ㅂㅜㅅㄷㅏ,qntek
붙다,ㅂㅜㅌㄷㅏ,qnxek
붙들다,ㅂㅜㅌㄷㅡㄹㄷㅏ,qnxemfek
붙이다,ㅂㅜㅌㅇㅣㄷㅏ,qnxdlek
붙잡다,ㅂㅜㅌㅈㅏㅂㄷㅏ,qnxwkqek
붙잡히다,ㅂㅜㅌㅈㅏㅂㅎㅣㄷㅏ,qnxwkqglek
브랜드,ㅂㅡㄹㅐㄴㄷㅡ,qmfosem
블라우스,ㅂㅡㄹㄹㅏㅇㅜㅅㅡ,qmffkdntm
비,ㅂㅣ,ql
비교,ㅂㅣㄱㅛ,qlry
비교적,ㅂㅣㄱㅛㅈㅓㄱ,qlrywjr
비교하다,ㅂㅣㄱㅛㅎㅏㄷㅏ,qlrygkek
비극,ㅂㅣㄱㅡㄱ,qlrmr
비기다,ㅂㅣㄱㅣㄷㅏ,qlrlek
비난,ㅂㅣㄴㅏㄴ,qlsks
비누,ㅂㅣㄴㅜ,qlsn
비닐,ㅂㅣㄴㅣㄹ,qlslf
비닐봉지,ㅂㅣㄴㅣㄹㅂㅗㅇㅈㅣ,qlslfqhdwl
비다,ㅂㅣㄷㅏ,qlek
비둘기,ㅂㅣㄷㅜㄹㄱㅣ,qlenfrl
비디오,ㅂㅣㄷㅣㅇㅗ,qleldh
비로소,ㅂㅣㄹㅗㅅㅗ,qlfhth
비롯되다,ㅂㅣㄹㅗㅅㄷㅚㄷㅏ,qlfhtehlek
비롯하다,ㅂㅣㄹㅗㅅㅎㅏㄷㅏ,qlfhtgkek
비만,ㅂㅣㅁㅏㄴ,qlaks
비명,ㅂㅣㅁㅕㅇ,qlaud
비밀,ㅂㅣㅁㅣㄹ,qlalf
비바람,ㅂㅣㅂㅏㄹㅏㅁ,qlqkfka
비비다,ㅂㅣㅂㅣㄷㅏ,qlqlek
비빔밥,ㅂㅣㅂㅣㅁㅂㅏㅂ,qlqlaqkq
비상,ㅂㅣㅅㅏㅇ,qltkd
비서,ㅂㅣㅅㅓ,qltj
비슷하다,ㅂㅣㅅㅡㅅㅎㅏㄷㅏ,qltmtgkek
비싸다,ㅂㅣㅆㅏㄷㅏ,qlTkek
비용,ㅂㅣㅇㅛㅇ,qldyd
비우다,ㅂㅣㅇㅜㄷㅏ,qldnek
비웃다,ㅂㅣㅇㅜㅅㄷㅏ,qldntek
비율,ㅂㅣㅇㅠㄹ,qldbf
비중,ㅂㅣㅈㅜㅇ,qlwnd
비추다,ㅂㅣㅊㅜㄷㅏ,qlcnek
비치다,ㅂㅣㅊㅣㄷㅏ,qlclek
비키다,ㅂㅣㅋㅣㄷㅏ,qlzlek
비타민,ㅂㅣㅌㅏㅁㅣㄴ,qlxkals
비판,ㅂㅣㅍㅏㄴ,qlvks
비판적,ㅂㅣㅍㅏㄴㅈㅓㄱ,qlvkswjr
비판하다,ㅂㅣㅍㅏㄴㅎㅏㄷㅏ,qlvksgkek
비하다,ㅂㅣㅎㅏㄷㅏ,qlgkek
비행,ㅂㅣㅎㅐㅇ,qlgod
비행기,ㅂㅣㅎㅐㅇㄱㅣ,qlgodrl
비행장,ㅂㅣㅎㅐㅇㅈㅏㅇ,qlgodwkd
빌다,ㅂㅣㄹㄷㅏ,qlfek
빌딩,ㅂㅣㄹㄷㅣㅇ,qlfeld
빌리다,ㅂㅣㄹㄹㅣㄷㅏ,qlfflek
빗,ㅂㅣㅅ,qlt
빗물,ㅂㅣㅅㅁㅜㄹ,qltanf
빗방울,ㅂㅣㅅㅂㅏㅇㅇㅜㄹ,qltqkddnf
빗줄기,ㅂㅣㅅㅈㅜㄹㄱㅣ,qltwnfrl
빚,ㅂㅣㅈ,qlw
빛,ㅂㅣㅊ,qlc
빛깔,ㅂㅣㅊㄲㅏㄹ,qlcRkf
빛나다,ㅂㅣㅊㄴㅏㄷㅏ,qlcskek
빠뜨리다,ㅃㅏㄸㅡㄹㅣㄷㅏ,QkEmflek
빠르다,ㅃㅏㄹㅡㄷㅏ,Qkfmek
빠져나가다,ㅃㅏㅈㅕㄴㅏㄱㅏㄷㅏ,Qkwuskrkek
빠져나오다,ㅃㅏㅈㅕㄴㅏㅇㅗㄷㅏ,Qkwuskdhek
빠지다,ㅃㅏㅈㅣㄷㅏ,Qkwlek
빨간색,ㅃㅏㄹㄱㅏㄴㅅㅐㄱ,Qkfrkstor
빨갛다,ㅃㅏㄹㄱㅏㅎㄷㅏ,Qkfrkgek
빨다,ㅃㅏㄹㄷㅏ,Qkfek
빨래,ㅃㅏㄹㄹㅐ,Qkffo
빨리,ㅃㅏㄹㄹㅣ,Qkffl
빵,ㅃㅏㅇ,Qkd
빼놓다,ㅃㅐㄴㅗㅎㄷㅏ,Qoshgek
빼다,ㅃㅐㄷㅏ,Qoek
빼앗기다,ㅃㅐㅇㅏㅅㄱㅣㄷㅏ,Qodktrlek
빼앗다,ㅃㅐㅇㅏㅅㄷㅏ,Qodktek
뺏다,ㅃㅐㅅㄷㅏ,Qotek
뺨,ㅃㅑㅁ,Qia
뻔하다,ㅃㅓㄴㅎㅏㄷㅏ,Qjsgkek
뻗다,ㅃㅓㄷㄷㅏ,Qjeek
뼈,ㅃㅕ,Qu
뽑다,ㅃㅗㅂㄷㅏ,Qhqek
뽑히다,ㅃㅗㅂㅎㅣㄷㅏ,Qhqglek
뿌리,ㅃㅜㄹㅣ,Qnfl
뿌리다,ㅃㅜㄹㅣㄷㅏ,Qnflek
뿌리치다,ㅃㅜㄹㅣㅊㅣㄷㅏ,Qnflclek
뿐,ㅃㅜㄴ,Qns
사건,ㅅㅏㄱㅓㄴ,tkrjs
사계절,ㅅㅏㄱㅖㅈㅓㄹ,tkrPwjf
사과,ㅅㅏㄱㅘ,tkrhk
사과하다,ㅅㅏㄱㅘㅎㅏㄷㅏ,tkrhkgkek
사귀다,ㅅㅏㄱㅟㄷㅏ,tkrnlek
사기,ㅅㅏㄱㅣ,tkrl
사나이,ㅅㅏㄴㅏㅇㅣ,tkskdl
사냥,ㅅㅏㄴㅑㅇ,tksid
사다,ㅅㅏㄷㅏ,tkek
사들이다,ㅅㅏㄷㅡㄹㅇㅣㄷㅏ,tkemfdlek
사라지다,ㅅㅏㄹㅏㅈㅣㄷㅏ,tkfkwlek
사람,ㅅㅏㄹㅏㅁ,tkfka
사랑,ㅅㅏㄹㅏㅇ,tkfkd
사랑스럽다,ㅅㅏㄹㅏㅇㅅㅡㄹㅓㅂㄷㅏ,tkfkdtmfjqek
사랑하다,ㅅㅏㄹㅏㅇㅎㅏㄷㅏ,tkfkdgkek
사례,ㅅㅏㄹㅖ,tkfP
사립,ㅅㅏㄹㅣㅂ,tkflq
사망,ㅅㅏㅁㅏㅇ,tkakd
사망하다,ㅅㅏㅁㅏㅇㅎㅏㄷㅏ,tkakdgkek
사모님,ㅅㅏㅁㅗㄴㅣㅁ,tkahsla
사무,ㅅㅏㅁㅜ,tkan
사무소,ㅅㅏㅁㅜㅅㅗ,tkanth
사무실,ㅅㅏㅁㅜㅅㅣㄹ,tkantlf
사무직,ㅅㅏㅁㅜㅈㅣㄱ,tkanwlr
사방,ㅅㅏㅂㅏㅇ,tkqkd
사상,ㅅㅏㅅㅏㅇ,tktkd
사생활,ㅅㅏㅅㅐㅇㅎㅘㄹ,tktodghkf
사설,ㅅㅏㅅㅓㄹ,tktjf
사소하다,ㅅㅏㅅㅗㅎㅏㄷㅏ,tkthgkek
사슴,ㅅㅏㅅㅡㅁ,tktma
사실,ㅅㅏㅅㅣㄹ,tktlf
사실상,ㅅㅏㅅㅣㄹㅅㅏㅇ,tktlftkd
사십,ㅅㅏㅅㅣㅂ,tktlq
사업,ㅅㅏㅇㅓㅂ,tkdjq
사업가,ㅅㅏㅇㅓㅂㄱㅏ,tkdjqrk
사업자,ㅅㅏㅇㅓㅂㅈㅏ,tkdjqwk
사용,ㅅㅏㅇㅛㅇ,tkdyd
사용되다,ㅅㅏㅇㅛㅇㄷㅚㄷㅏ,tkdydehlek
사용자,ㅅㅏㅇㅛㅇㅈㅏ,tkdydwk
사용하다,ㅅㅏㅇㅛㅇㅎㅏㄷㅏ,tkdydgkek
사원,ㅅㅏㅇㅝㄴ,tkdnjs
사월,ㅅㅏㅇㅝㄹ,tkdnjf
사위,ㅅㅏㅇㅟ,tkdnl
사이,ㅅㅏㅇㅣ,tkdl
사이사이,ㅅㅏㅇㅣㅅㅏㅇㅣ,tkdltkdl
사이좋다,ㅅㅏㅇㅣㅈㅗㅎㄷㅏ,tkdlwhgek
사정,ㅅㅏㅈㅓㅇ,tkwjd
사진,ㅅㅏㅈㅣㄴ,tkwls
사진기,ㅅㅏㅈㅣㄴㄱㅣ,tkwlsrl
사촌,ㅅㅏㅊㅗㄴ,tkchs
사춘기,ㅅㅏㅊㅜㄴㄱㅣ,tkcnsrl
사탕,ㅅㅏㅌㅏㅇ,tkxkd
사투리,ㅅㅏㅌㅜㄹㅣ,tkxnfl
사표,ㅅㅏㅍㅛ,tkvy
사회,ㅅㅏㅎㅚ,tkghl
사회생활,ㅅㅏㅎㅚㅅㅐㅇㅎㅘㄹ,tkghltodghkf
사회자,ㅅㅏㅎㅚㅈㅏ,tkghlwk
사회적,ㅅㅏㅎㅚㅈㅓㄱ,tkghlwjr
사회주의,ㅅㅏㅎㅚㅈㅜㅇㅢ,tkghlwndml
사회학,ㅅㅏㅎㅚㅎㅏㄱ,tkghlgkr
사흘,ㅅㅏㅎㅡㄹ,tkgmf
산,ㅅㅏㄴ,tks
산길,ㅅㅏㄴㄱㅣㄹ,tksrlf
산부인과,ㅅㅏㄴㅂㅜㅇㅣㄴㄱㅘ,tksqndlsrhk
산소,ㅅㅏㄴㅅㅗ,tksth
산속,ㅅㅏㄴㅅㅗㄱ,tksthr
산업,ㅅㅏㄴㅇㅓㅂ,tksdjq
산책,ㅅㅏㄴㅊㅐㄱ,tkscor
살,ㅅㅏㄹ,tkf
살다,ㅅㅏㄹㄷㅏ,tkfek
살리다,ㅅㅏㄹㄹㅣㄷㅏ,tkfflek
살림,ㅅㅏㄹㄹㅣㅁ,tkffla
살아가다,ㅅㅏㄹㅇㅏㄱㅏㄷㅏ,tkfdkrkek
살아나다,ㅅㅏㄹㅇㅏㄴㅏㄷㅏ,tkfdkskek
살아남다,ㅅㅏㄹㅇㅏㄴㅏㅁㄷㅏ,tkfdkskaek
살아오다,ㅅㅏㄹㅇㅏㅇㅗㄷㅏ,tkfdkdhek
살인,ㅅㅏㄹㅇㅣㄴ,tkfdls
살짝,ㅅㅏㄹㅉㅏㄱ,tkfWkr
살펴보다,ㅅㅏㄹㅍㅕㅂㅗㄷㅏ,tkfvuqhek
살피다,ㅅㅏㄹㅍㅣㄷㅏ,tkfvlek
삶,ㅅㅏㄻ,tkfa
삶다,ㅅㅏㄻㄷㅏ,tkfaek
삼,ㅅㅏㅁ,tka
삼가다,ㅅㅏㅁㄱㅏㄷㅏ,tkarkek
삼계탕,ㅅㅏㅁㄱㅖㅌㅏㅇ,tkarPxkd
삼국,ㅅㅏㅁㄱㅜㄱ,tkarnr
삼다,ㅅㅏㅁㄷㅏ,tkaek
삼십,ㅅㅏㅁㅅㅣㅂ,tkatlq
삼월,ㅅㅏㅁㅇㅝㄹ,tkadnjf
삼촌,ㅅㅏㅁㅊㅗㄴ,tkachs
삼키다,ㅅㅏㅁㅋㅣㄷㅏ,tkazlek
상,ㅅㅏㅇ,tkd
상관,ㅅㅏㅇㄱㅘㄴ,tkdrhks
상관없다,ㅅㅏㅇㄱㅘㄴㅇㅓㅄㄷㅏ,tkdrhksdjqtek
상관없이,ㅅㅏㅇㄱㅘㄴㅇㅓㅄㅇㅣ,tkdrhksdjqtdl
상금,ㅅㅏㅇㄱㅡㅁ,tkdrma
상담,ㅅㅏㅇㄷㅏㅁ,tkdeka
상당,ㅅㅏㅇㄷㅏㅇ,tkdekd
상당수,ㅅㅏㅇㄷㅏㅇㅅㅜ,tkdekdtn
상당하다,ㅅㅏㅇㄷㅏㅇㅎㅏㄷㅏ,tkdekdgkek
상당히,ㅅㅏㅇㄷㅏㅇㅎㅣ,tkdekdgl
상대,ㅅㅏㅇㄷㅐ,tkdeo
상대방,ㅅㅏㅇㄷㅐㅂㅏㅇ,tkdeoqkd
상대성,ㅅㅏㅇㄷㅐㅅㅓㅇ,tkdeotjd
상대적,ㅅㅏㅇㄷㅐㅈㅓㄱ,tkdeowjr
상대편,ㅅㅏㅇㄷㅐㅍㅕㄴ,tkdeovus
상류,ㅅㅏㅇㄹㅠ,tkdfb
상반기,ㅅㅏㅇㅂㅏㄴㄱㅣ,tkdqksrl
상상,ㅅㅏㅇㅅㅏㅇ,tkdtkd
상상력,ㅅㅏㅇㅅㅏㅇㄹㅕㄱ,tkdtkdfur
상상하다,ㅅㅏㅇㅅㅏㅇㅎㅏㄷㅏ,tkdtkdgkek
상식,ㅅㅏㅇㅅㅣㄱ,tkdtlr
상업,ㅅㅏㅇㅇㅓㅂ,tkddjq
상인,ㅅㅏㅇㅇㅣㄴ,tkddls
상점,ㅅㅏㅇㅈㅓㅁ,tkdwja
상징적,ㅅㅏㅇㅈㅣㅇㅈㅓㄱ,tkdwldwjr
상징하다,ㅅㅏㅇㅈㅣㅇㅎㅏㄷㅏ,tkdwldgkek
상처,ㅅㅏㅇㅊㅓ,tkdcj
상추,ㅅㅏㅇㅊㅜ,tkdcn
상쾌하다,ㅅㅏㅇㅋㅙㅎㅏㄷㅏ,tkdzhogkek
상태,ㅅㅏㅇㅌㅐ,tkdxo
상표,ㅅㅏㅇㅍㅛ,tkdvy
상품,ㅅㅏㅇㅍㅜㅁ,tkdvna
상하다,ㅅㅏㅇㅎㅏㄷㅏ,tkdgkek
상황,ㅅㅏㅇㅎㅘㅇ,tkdghkd
새,ㅅㅐ,to
새기다,ㅅㅐㄱㅣㄷㅏ,torlek
새끼,ㅅㅐㄲㅣ,toRl
새다,ㅅㅐㄷㅏ,toek
새로,ㅅㅐㄹㅗ,tofh
새로이,ㅅㅐㄹㅗㅇㅣ,tofhdl
새롭다,ㅅㅐㄹㅗㅂㄷㅏ,tofhqek
새벽,ㅅㅐㅂㅕㄱ,toqur
새소리,ㅅㅐㅅㅗㄹㅣ,tothfl
새우,ㅅㅐㅇㅜ,todn
새우다,ㅅㅐㅇㅜㄷㅏ,todnek
새해,ㅅㅐㅎㅐ,togo
색,ㅅㅐㄱ,tor
색깔,ㅅㅐㄱㄲㅏㄹ,torRkf
색다르다,ㅅㅐㄱㄷㅏㄹㅡㄷㅏ,torekfmek
색연필,ㅅㅐㄱㅇㅕㄴㅍㅣㄹ,tordusvlf
샌드위치,ㅅㅐㄴㄷㅡㅇㅟㅊㅣ,tosemdnlcl
생,ㅅㅐㅇ,tod
생각,ㅅㅐㅇㄱㅏㄱ,todrkr
생각나다,ㅅㅐㅇㄱㅏㄱㄴㅏㄷㅏ,todrkrskek
생각되다,ㅅㅐㅇㄱㅏㄱㄷㅚㄷㅏ,todrkrehlek
생각하다,ㅅㅐㅇㄱㅏㄱㅎㅏㄷㅏ,todrkrgkek
생겨나다,ㅅㅐㅇㄱㅕㄴㅏㄷㅏ,todruskek
생기,ㅅㅐㅇㄱㅣ,todrl
생기다,ㅅㅐㅇㄱㅣㄷㅏ,todrlek
생명,ㅅㅐㅇㅁㅕㅇ,todaud
생물,ㅅㅐㅇㅁㅜㄹ,todanf
생방송,ㅅㅐㅇㅂㅏㅇㅅㅗㅇ,todqkdthd
생산,ㅅㅐㅇㅅㅏㄴ,todtks
생산되다,ㅅㅐㅇㅅㅏㄴㄷㅚㄷㅏ,todtksehlek
생산력,ㅅㅐㅇㅅㅏㄴㄹㅕㄱ,todtksfur
생산자,ㅅㅐㅇㅅㅏㄴㅈㅏ,todtkswk
생산하다,ㅅㅐㅇㅅㅏㄴㅎㅏㄷㅏ,todtksgkek
생선,ㅅㅐㅇㅅㅓㄴ,todtjs
생신,ㅅㅐㅇㅅㅣㄴ,todtls
생일,ㅅㅐㅇㅇㅣㄹ,toddlf
생활,ㅅㅐㅇㅎㅘㄹ,todghkf
생활비,ㅅㅐㅇㅎㅘㄹㅂㅣ,todghkfql
생활수준,ㅅㅐㅇㅎㅘㄹㅅㅜㅈㅜㄴ,todghkftnwns
생활용품,ㅅㅐㅇㅎㅘㄹㅇㅛㅇㅍㅜㅁ,todghkfdydvna
생활하다,ㅅㅐㅇㅎㅘㄹㅎㅏㄷㅏ,todghkfgkek
생활환경,ㅅㅐㅇㅎㅘㄹㅎㅘㄴㄱㅕㅇ,todghkfghksrud
샤워,ㅅㅑㅇㅝ,tidnj
서구,ㅅㅓㄱㅜ,tjrn
서너,ㅅㅓㄴㅓ,tjsj
서늘하다,ㅅㅓㄴㅡㄹㅎㅏㄷㅏ,tjsmfgkek
서다,ㅅㅓㄷㅏ,tjek
서두르다,ㅅㅓㄷㅜㄹㅡㄷㅏ,tjenfmek
서랍,ㅅㅓㄹㅏㅂ,tjfkq
서로,ㅅㅓㄹㅗ,tjfh
서류,ㅅㅓㄹㅠ,tjfb
서른,ㅅㅓㄹㅡㄴ,tjfms
서명,ㅅㅓㅁㅕㅇ,tjaud
서명하다,ㅅㅓㅁㅕㅇㅎㅏㄷㅏ,tjaudgkek
서민,ㅅㅓㅁㅣㄴ,tjals
서부,ㅅㅓㅂㅜ,tjqn
서비스,ㅅㅓㅂㅣㅅㅡ,tjqltm
서서히,ㅅㅓㅅㅓㅎㅣ,tjtjgl
서양,ㅅㅓㅇㅑㅇ,tjdid
서양인,ㅅㅓㅇㅑㅇㅇㅣㄴ,tjdiddls
서울,ㅅㅓㅇㅜㄹ,tjdnf
서울역,ㅅㅓㅇㅜㄹㅇㅕㄱ,tjdnfdur
서적,ㅅㅓㅈㅓㄱ,tjwjr
서점,ㅅㅓㅈㅓㅁ,tjwja
서쪽,ㅅㅓㅉㅗㄱ,tjWhr
서클,ㅅㅓㅋㅡㄹ,tjzmf
서투르다,ㅅㅓㅌㅜㄹㅡㄷㅏ,tjxnfmek
서툴다,ㅅㅓㅌㅜㄹㄷㅏ,tjxnfek
석,ㅅㅓㄱ,tjr
석1,ㅅㅓㄱ1,tjr1
석사,ㅅㅓㄱㅅㅏ,tjrtk
석유,ㅅㅓㄱㅇㅠ,tjrdb
섞다,ㅅㅓㄲㄷㅏ,tjRek
섞이다,ㅅㅓㄲㅇㅣㄷㅏ,tjRdlek
선14,ㅅㅓㄴ14,tjs14
선거,ㅅㅓㄴㄱㅓ,tjsrj
선명하다,ㅅㅓㄴㅁㅕㅇㅎㅏㄷㅏ,tjsaudgkek
선물,ㅅㅓㄴㅁㅜㄹ,tjsanf
선물하다,ㅅㅓㄴㅁㅜㄹㅎㅏㄷㅏ,tjsanfgkek
선배,ㅅㅓㄴㅂㅐ,tjsqo
선생,ㅅㅓㄴㅅㅐㅇ,tjstod
선생님,ㅅㅓㄴㅅㅐㅇㄴㅣㅁ,tjstodsla
선수,ㅅㅓㄴㅅㅜ,tjstn
선언하다,ㅅㅓㄴㅇㅓㄴㅎㅏㄷㅏ,tjsdjsgkek
선원,ㅅㅓㄴㅇㅝㄴ,tjsdnjs
선장,ㅅㅓㄴㅈㅏㅇ,tjswkd
선전,ㅅㅓㄴㅈㅓㄴ,tjswjs
선정하다,ㅅㅓㄴㅈㅓㅇㅎㅏㄷㅏ,tjswjdgkek
선진,ㅅㅓㄴㅈㅣㄴ,tjswls
선진국,ㅅㅓㄴㅈㅣㄴㄱㅜㄱ,tjswlsrnr
선택,ㅅㅓㄴㅌㅐㄱ,tjsxor
선택하다,ㅅㅓㄴㅌㅐㄱㅎㅏㄷㅏ,tjsxorgkek
선풍기,ㅅㅓㄴㅍㅜㅇㄱㅣ,tjsvndrl
선호하다,ㅅㅓㄴㅎㅗㅎㅏㄷㅏ,tjsghgkek
설거지,ㅅㅓㄹㄱㅓㅈㅣ,tjfrjwl
설날,ㅅㅓㄹㄴㅏㄹ,tjfskf
설득하다,ㅅㅓㄹㄷㅡㄱㅎㅏㄷㅏ,tjfemrgkek
설렁탕,ㅅㅓㄹㄹㅓㅇㅌㅏㅇ,tjffjdxkd
설립하다,ㅅㅓㄹㄹㅣㅂㅎㅏㄷㅏ,tjfflqgkek
설명,ㅅㅓㄹㅁㅕㅇ,tjfaud
설명되다,ㅅㅓㄹㅁㅕㅇㄷㅚㄷㅏ,tjfaudehlek
설명하다,ㅅㅓㄹㅁㅕㅇㅎㅏㄷㅏ,tjfaudgkek
설문,ㅅㅓㄹㅁㅜㄴ,tjfans
설사,ㅅㅓㄹㅅㅏ,tjftk
설악산,ㅅㅓㄹㅇㅏㄱㅅㅏㄴ,tjfdkrtks
설치,ㅅㅓㄹㅊㅣ,tjfcl
설치되다,ㅅㅓㄹㅊㅣㄷㅚㄷㅏ,tjfclehlek
설치하다,ㅅㅓㄹㅊㅣㅎㅏㄷㅏ,tjfclgkek
설탕,ㅅㅓㄹㅌㅏㅇ,tjfxkd
섬,ㅅㅓㅁ,tja
섭섭하다,ㅅㅓㅂㅅㅓㅂㅎㅏㄷㅏ,tjqtjqgkek
섭씨,ㅅㅓㅂㅆㅣ,tjqTl
성,ㅅㅓㅇ,tjd
성격,ㅅㅓㅇㄱㅕㄱ,tjdrur
성경,ㅅㅓㅇㄱㅕㅇ,tjdrud
성공,ㅅㅓㅇㄱㅗㅇ,tjdrhd
성공적,ㅅㅓㅇㄱㅗㅇㅈㅓㄱ,tjdrhdwjr
성공하다,ㅅㅓㅇㄱㅗㅇㅎㅏㄷㅏ,tjdrhdgkek
성당,ㅅㅓㅇㄷㅏㅇ,tjdekd
성립되다,ㅅㅓㅇㄹㅣㅂㄷㅚㄷㅏ,tjdflqehlek
성립하다,ㅅㅓㅇㄹㅣㅂㅎㅏㄷㅏ,tjdflqgkek
성별,ㅅㅓㅇㅂㅕㄹ,tjdquf
성숙하다,ㅅㅓㅇㅅㅜㄱㅎㅏㄷㅏ,tjdtnrgkek
성실하다,ㅅㅓㅇㅅㅣㄹㅎㅏㄷㅏ,tjdtlfgkek
성인,ㅅㅓㅇㅇㅣㄴ,tjddls
성장,ㅅㅓㅇㅈㅏㅇ,tjdwkd
성장하다,ㅅㅓㅇㅈㅏㅇㅎㅏㄷㅏ,tjdwkdgkek
성적,ㅅㅓㅇㅈㅓㄱ,tjdwjr
성질,ㅅㅓㅇㅈㅣㄹ,tjdwlf
성함,ㅅㅓㅇㅎㅏㅁ,tjdgka
세,ㅅㅔ,tp
세13,ㅅㅔ13,tp13
세계,ㅅㅔㄱㅖ,tprP
세계관,ㅅㅔㄱㅖㄱㅘㄴ,tprPrhks
세계적,ㅅㅔㄱㅖㅈㅓㄱ,tprPwjr
세금,ㅅㅔㄱㅡㅁ,tprma
세기,ㅅㅔㄱㅣ,tprl
세다,ㅅㅔㄷㅏ,tpek
세대,ㅅㅔㄷㅐ,tpeo
세련되다,ㅅㅔㄹㅕㄴㄷㅚㄷㅏ,tpfusehlek
세로,ㅅㅔㄹㅗ,tpfh
세미나,ㅅㅔㅁㅣㄴㅏ,tpalsk
세상,ㅅㅔㅅㅏㅇ,tptkd
세상에,ㅅㅔㅅㅏㅇㅇㅔ,tptkddp
세수,ㅅㅔㅅㅜ,tptn
세우다,ㅅㅔㅇㅜㄷㅏ,tpdnek
세워지다,ㅅㅔㅇㅝㅈㅣㄷㅏ,tpdnjwlek
세월,ㅅㅔㅇㅝㄹ,tpdnjf
세제,ㅅㅔㅈㅔ,tpwp
세종대왕,ㅅㅔㅈㅗㅇㄷㅐㅇㅘㅇ,tpwhdeodhkd
세탁,ㅅㅔㅌㅏㄱ,tpxkr
세탁기,ㅅㅔㅌㅏㄱㄱㅣ,tpxkrrl
세탁소,ㅅㅔㅌㅏㄱㅅㅗ,tpxkrth
세트,ㅅㅔㅌㅡ,tpxm
섹시하다,ㅅㅔㄱㅅㅣㅎㅏㄷㅏ,tprtlgkek
센터,ㅅㅔㄴㅌㅓ,tpsxj
센티미터,ㅅㅔㄴㅌㅣㅁㅣㅌㅓ,tpsxlalxj
셈,ㅅㅔㅁ,tpa
셋,ㅅㅔㅅ,tpt
셋째,ㅅㅔㅅㅉㅐ,tptWo
소,ㅅㅗ,th
소개,ㅅㅗㄱㅐ,thro
소개되다,ㅅㅗㄱㅐㄷㅚㄷㅏ,throehlek
소개하다,ㅅㅗㄱㅐㅎㅏㄷㅏ,throgkek
소규모,ㅅㅗㄱㅠㅁㅗ,thrbah
소극적,ㅅㅗㄱㅡㄱㅈㅓㄱ,thrmrwjr
소금,ㅅㅗㄱㅡㅁ,thrma
소나기,ㅅㅗㄴㅏㄱㅣ,thskrl
소나무,ㅅㅗㄴㅏㅁㅜ,thskan
소녀,ㅅㅗㄴㅕ,thsu
소년,ㅅㅗㄴㅕㄴ,thsus
소득,ㅅㅗㄷㅡㄱ,themr
소리,ㅅㅗㄹㅣ,thfl
소리치다,ㅅㅗㄹㅣㅊㅣㄷㅏ,thflclek
소망,ㅅㅗㅁㅏㅇ,thakd
소매,ㅅㅗㅁㅐ,thao
소문,ㅅㅗㅁㅜㄴ,thans
소문나다,ㅅㅗㅁㅜㄴㄴㅏㄷㅏ,thansskek
소박하다,ㅅㅗㅂㅏㄱㅎㅏㄷㅏ,thqkrgkek
소비,ㅅㅗㅂㅣ,thql
소비자,ㅅㅗㅂㅣㅈㅏ,thqlwk
소비하다,ㅅㅗㅂㅣㅎㅏㄷㅏ,thqlgkek
소설,ㅅㅗㅅㅓㄹ,thtjf
소설가,ㅅㅗㅅㅓㄹㄱㅏ,thtjfrk
소속,ㅅㅗㅅㅗㄱ,ththr
소수,ㅅㅗㅅㅜ,thtn
소스,ㅅㅗㅅㅡ,thtm
소시지,ㅅㅗㅅㅣㅈㅣ,thtlwl
소식,ㅅㅗㅅㅣㄱ,thtlr
소아과,ㅅㅗㅇㅏㄱㅘ,thdkrhk
소요되다,ㅅㅗㅇㅛㄷㅚㄷㅏ,thdyehlek
소용,ㅅㅗㅇㅛㅇ,thdyd
소용없다,ㅅㅗㅇㅛㅇㅇㅓㅄㄷㅏ,thdyddjqtek
소원,ㅅㅗㅇㅝㄴ,thdnjs
소위,ㅅㅗㅇㅟ,thdnl
소유,ㅅㅗㅇㅠ,thdb
소유자,ㅅㅗㅇㅠㅈㅏ,thdbwk
소유하다,ㅅㅗㅇㅠㅎㅏㄷㅏ,thdbgkek
소음,ㅅㅗㅇㅡㅁ,thdma
소재,ㅅㅗㅈㅐ,thwo
소주,ㅅㅗㅈㅜ,thwn
소중하다,ㅅㅗㅈㅜㅇㅎㅏㄷㅏ,thwndgkek
소중히,ㅅㅗㅈㅜㅇㅎㅣ,thwndgl
소지품,ㅅㅗㅈㅣㅍㅜㅁ,thwlvna
소질,ㅅㅗㅈㅣㄹ,thwlf
소파,ㅅㅗㅍㅏ,thvk
소포,ㅅㅗㅍㅗ,thvh
소풍,ㅅㅗㅍㅜㅇ,thvnd
소프트웨어,ㅅㅗㅍㅡㅌㅡㅇㅞㅇㅓ,thvmxmdnpdj
소형,ㅅㅗㅎㅕㅇ,thgud
소홀히,ㅅㅗㅎㅗㄹㅎㅣ,thghfgl
소화,ㅅㅗㅎㅘ,thghk
소화하다,ㅅㅗㅎㅘㅎㅏㄷㅏ,thghkgkek
속,ㅅㅗㄱ,thr
속담,ㅅㅗㄱㄷㅏㅁ,threka
속도,ㅅㅗㄱㄷㅗ,threh
속마음,ㅅㅗㄱㅁㅏㅇㅡㅁ,thrakdma
속삭이다,ㅅㅗㄱㅅㅏㄱㅇㅣㄷㅏ,thrtkrdlek
속상하다,ㅅㅗㄱㅅㅏㅇㅎㅏㄷㅏ,thrtkdgkek
속옷,ㅅㅗㄱㅇㅗㅅ,thrdht
속이다,ㅅㅗㄱㅇㅣㄷㅏ,thrdlek
속하다,ㅅㅗㄱㅎㅏㄷㅏ,thrgkek
손,ㅅㅗㄴ,ths
손가락,ㅅㅗㄴㄱㅏㄹㅏㄱ,thsrkfkr
손길,ㅅㅗㄴㄱㅣㄹ,thsrlf
손녀,ㅅㅗㄴㄴㅕ,thssu
손님,ㅅㅗㄴㄴㅣㅁ,thssla
손등,ㅅㅗㄴㄷㅡㅇ,thsemd
손목,ㅅㅗㄴㅁㅗㄱ,thsahr
손바닥,ㅅㅗㄴㅂㅏㄷㅏㄱ,thsqkekr
손발,ㅅㅗㄴㅂㅏㄹ,thsqkf
손뼉,ㅅㅗㄴㅃㅕㄱ,thsQur
손수,ㅅㅗㄴㅅㅜ,thstn
손수건,ㅅㅗㄴㅅㅜㄱㅓㄴ,thstnrjs
손쉽다,ㅅㅗㄴㅅㅟㅂㄷㅏ,thstnlqek
손실,ㅅㅗㄴㅅㅣㄹ,thstlf
손자,ㅅㅗㄴㅈㅏ,thswk
손잡다,ㅅㅗㄴㅈㅏㅂㄷㅏ,thswkqek
손잡이,ㅅㅗㄴㅈㅏㅂㅇㅣ,thswkqdl
손질,ㅅㅗㄴㅈㅣㄹ,thswlf
손질하다,ㅅㅗㄴㅈㅣㄹㅎㅏㄷㅏ,thswlfgkek
손톱,ㅅㅗㄴㅌㅗㅂ,thsxhq
손해,ㅅㅗㄴㅎㅐ,thsgo
솔직하다,ㅅㅗㄹㅈㅣㄱㅎㅏㄷㅏ,thfwlrgkek
솔직히,ㅅㅗㄹㅈㅣㄱㅎㅣ,thfwlrgl
솜,ㅅㅗㅁ,tha
솜씨,ㅅㅗㅁㅆㅣ,thaTl
솟다,ㅅㅗㅅㄷㅏ,thtek
송아지,ㅅㅗㅇㅇㅏㅈㅣ,thddkwl
송이,ㅅㅗㅇㅇㅣ,thddl
송편,ㅅㅗㅇㅍㅕㄴ,thdvus
쇠,ㅅㅚ,thl
쇠고기,ㅅㅚㄱㅗㄱㅣ,thlrhrl
쇼,ㅅㅛ,ty
쇼핑,ㅅㅛㅍㅣㅇ,tyvld
수,ㅅㅜ,tn
수건,ㅅㅜㄱㅓㄴ,tnrjs
수고,ㅅㅜㄱㅗ,tnrh
수고하다,ㅅㅜㄱㅗㅎㅏㄷㅏ,tnrhgkek
수년,ㅅㅜㄴㅕㄴ,tnsus
수단,ㅅㅜㄷㅏㄴ,tneks
수도,ㅅㅜㄷㅗ,tneh
수도권,ㅅㅜㄷㅗㄱㅝㄴ,tnehrnjs
수도꼭지,ㅅㅜㄷㅗㄲㅗㄱㅈㅣ,tnehRhrwl
수돗물,ㅅㅜㄷㅗㅅㅁㅜㄹ,tnehtanf
수동적,ㅅㅜㄷㅗㅇㅈㅓㄱ,tnehdwjr
수리하다,ㅅㅜㄹㅣㅎㅏㄷㅏ,tnflgkek
수만,ㅅㅜㅁㅏㄴ,tnaks
수많다,ㅅㅜㅁㅏㄶㄷㅏ,tnaksgek
수면,ㅅㅜㅁㅕㄴ,tnaus
수명,ㅅㅜㅁㅕㅇ,tnaud
수박,ㅅㅜㅂㅏㄱ,tnqkr
수백,ㅅㅜㅂㅐㄱ,tnqor
수상,ㅅㅜㅅㅏㅇ,tntkd
수석,ㅅㅜㅅㅓㄱ,tntjr
수술,ㅅㅜㅅㅜㄹ,tntnf
수시로,ㅅㅜㅅㅣㄹㅗ,tntlfh
수십,ㅅㅜㅅㅣㅂ,tntlq
수업,ㅅㅜㅇㅓㅂ,tndjq
수없이,ㅅㅜㅇㅓㅄㅇㅣ,tndjqtdl
수염,ㅅㅜㅇㅕㅁ,tndua
수영,ㅅㅜㅇㅕㅇ,tndud
수영장,ㅅㅜㅇㅕㅇㅈㅏㅇ,tndudwkd
수요,ㅅㅜㅇㅛ,tndy
수요일,ㅅㅜㅇㅛㅇㅣㄹ,tndydlf
수입,ㅅㅜㅇㅣㅂ,tndlq
수입되다,ㅅㅜㅇㅣㅂㄷㅚㄷㅏ,tndlqehlek
수입품,ㅅㅜㅇㅣㅂㅍㅜㅁ,tndlqvna
수입하다,ㅅㅜㅇㅣㅂㅎㅏㄷㅏ,tndlqgkek
수저,ㅅㅜㅈㅓ,tnwj
수준,ㅅㅜㅈㅜㄴ,tnwns
수집,ㅅㅜㅈㅣㅂ,tnwlq
수집하다,ㅅㅜㅈㅣㅂㅎㅏㄷㅏ,tnwlqgkek
수천,ㅅㅜㅊㅓㄴ,tncjs
수출,ㅅㅜㅊㅜㄹ,tncnf
수출하다,ㅅㅜㅊㅜㄹㅎㅏㄷㅏ,tncnfgkek
수컷,ㅅㅜㅋㅓㅅ,tnzjt
수표,ㅅㅜㅍㅛ,tnvy
수필,ㅅㅜㅍㅣㄹ,tnvlf
수학,ㅅㅜㅎㅏㄱ,tngkr
수행하다,ㅅㅜㅎㅐㅇㅎㅏㄷㅏ,tngodgkek
수험생,ㅅㅜㅎㅓㅁㅅㅐㅇ,tngjatod
수화기,ㅅㅜㅎㅘㄱㅣ,tnghkrl
숙녀,ㅅㅜㄱㄴㅕ,tnrsu
숙소,ㅅㅜㄱㅅㅗ,tnrth
숙이다,ㅅㅜㄱㅇㅣㄷㅏ,tnrdlek
숙제,ㅅㅜㄱㅈㅔ,tnrwp
순간,ㅅㅜㄴㄱㅏㄴ,tnsrks
순간적,ㅅㅜㄴㄱㅏㄴㅈㅓㄱ,tnsrkswjr
순서,ㅅㅜㄴㅅㅓ,tnstj
순수,ㅅㅜㄴㅅㅜ,tnstn
순수하다,ㅅㅜㄴㅅㅜㅎㅏㄷㅏ,tnstngkek
순식간,ㅅㅜㄴㅅㅣㄱㄱㅏㄴ,tnstlrrks
순위,ㅅㅜㄴㅇㅟ,tnsdnl
순진하다,ㅅㅜㄴㅈㅣㄴㅎㅏㄷㅏ,tnswlsgkek
순하다,ㅅㅜㄴㅎㅏㄷㅏ,tnsgkek
숟가락,ㅅㅜㄷㄱㅏㄹㅏㄱ,tnerkfkr
술,ㅅㅜㄹ,tnf
술병,ㅅㅜㄹㅂㅕㅇ,tnfqud
술자리,ㅅㅜㄹㅈㅏㄹㅣ,tnfwkfl
술잔,ㅅㅜㄹㅈㅏㄴ,tnfwks
술집,ㅅㅜㄹㅈㅣㅂ,tnfwlq
숨,ㅅㅜㅁ,tna
숨기다,ㅅㅜㅁㄱㅣㄷㅏ,tnarlek
숨다,ㅅㅜㅁㄷㅏ,tnaek
숨지다,ㅅㅜㅁㅈㅣㄷㅏ,tnawlek
숫자,ㅅㅜㅅㅈㅏ,tntwk
숲,ㅅㅜㅍ,tnv
쉬다,ㅅㅟㄷㅏ,tnlek
쉰,ㅅㅟㄴ,tnls
쉽다,ㅅㅟㅂㄷㅏ,tnlqek
슈퍼마켓,ㅅㅠㅍㅓㅁㅏㅋㅔㅅ,tbvjakzpt
스님,ㅅㅡㄴㅣㅁ,tmsla
스무,ㅅㅡㅁㅜ,tman
스물,ㅅㅡㅁㅜㄹ,tmanf
스스로,ㅅㅡㅅㅡㄹㅗ,tmtmfh
스승,ㅅㅡㅅㅡㅇ,tmtmd
스웨터,ㅅㅡㅇㅞㅌㅓ,tmdnpxj
스위치,ㅅㅡㅇㅟㅊㅣ,tmdnlcl
스치다,ㅅㅡㅊㅣㄷㅏ,tmclek
스케이트,ㅅㅡㅋㅔㅇㅣㅌㅡ,tmzpdlxm
스케줄,ㅅㅡㅋㅔㅈㅜㄹ,tmzpwnf
스키,ㅅㅡㅋㅣ,tmzl
스키장,ㅅㅡㅋㅣㅈㅏㅇ,tmzlwkd
스타,ㅅㅡㅌㅏ,tmxk
스타일,ㅅㅡㅌㅏㅇㅣㄹ,tmxkdlf
스튜디오,ㅅㅡㅌㅠㄷㅣㅇㅗ,tmxbeldh
스트레스,ㅅㅡㅌㅡㄹㅔㅅㅡ,tmxmfptm
스포츠,ㅅㅡㅍㅗㅊㅡ,tmvhcm
슬그머니,ㅅㅡㄹㄱㅡㅁㅓㄴㅣ,tmfrmajsl
슬쩍,ㅅㅡㄹㅉㅓㄱ,tmfWjr
슬퍼하다,ㅅㅡㄹㅍㅓㅎㅏㄷㅏ,tmfvjgkek
슬프다,ㅅㅡㄹㅍㅡㄷㅏ,tmfvmek
슬픔,ㅅㅡㄹㅍㅡㅁ,tmfvma
습관,ㅅㅡㅂㄱㅘㄴ,tmqrhks
습기,ㅅㅡㅂㄱㅣ,tmqrl
승객,ㅅㅡㅇㄱㅐㄱ,tmdror
승리,ㅅㅡㅇㄹㅣ,tmdfl
승리하다,ㅅㅡㅇㄹㅣㅎㅏㄷㅏ,tmdflgkek
승부,ㅅㅡㅇㅂㅜ,tmdqn
승용차,ㅅㅡㅇㅇㅛㅇㅊㅏ,tmddydck
승진,ㅅㅡㅇㅈㅣㄴ,tmdwls
시,ㅅㅣ,tl
시각,ㅅㅣㄱㅏㄱ,tlrkr
시간,ㅅㅣㄱㅏㄴ,tlrks
시계,ㅅㅣㄱㅖ,tlrP
시골,ㅅㅣㄱㅗㄹ,tlrhf
시금치,ㅅㅣㄱㅡㅁㅊㅣ,tlrmacl
시기,ㅅㅣㄱㅣ,tlrl
시끄럽다,ㅅㅣㄲㅡㄹㅓㅂㄷㅏ,tlRmfjqek
시나리오,ㅅㅣㄴㅏㄹㅣㅇㅗ,tlskfldh
시내,ㅅㅣㄴㅐ,tlso
시내버스,ㅅㅣㄴㅐㅂㅓㅅㅡ,tlsoqjtm
시대,ㅅㅣㄷㅐ,tleo
시대적,ㅅㅣㄷㅐㅈㅓㄱ,tleowjr
시댁,ㅅㅣㄷㅐㄱ,tleor
시도,ㅅㅣㄷㅗ,tleh
시도하다,ㅅㅣㄷㅗㅎㅏㄷㅏ,tlehgkek
시들다,ㅅㅣㄷㅡㄹㄷㅏ,tlemfek
시디,ㅅㅣㄷㅣ,tlel
시디롬,ㅅㅣㄷㅣㄹㅗㅁ,tlelfha
시리즈,ㅅㅣㄹㅣㅈㅡ,tlflwm
시멘트,ㅅㅣㅁㅔㄴㅌㅡ,tlapsxm
시민,ㅅㅣㅁㅣㄴ,tlals
시부모,ㅅㅣㅂㅜㅁㅗ,tlqnah
시선,ㅅㅣㅅㅓㄴ,tltjs
시설,ㅅㅣㅅㅓㄹ,tltjf
시스템,ㅅㅣㅅㅡㅌㅔㅁ,tltmxpa
시아버지,ㅅㅣㅇㅏㅂㅓㅈㅣ,tldkqjwl
시야,ㅅㅣㅇㅑ,tldi
시어머니,ㅅㅣㅇㅓㅁㅓㄴㅣ,tldjajsl
시외,ㅅㅣㅇㅚ,tldhl
시외버스,ㅅㅣㅇㅚㅂㅓㅅㅡ,tldhlqjtm
시원하다,ㅅㅣㅇㅝㄴㅎㅏㄷㅏ,tldnjsgkek
시월,ㅅㅣㅇㅝㄹ,tldnjf
시위,ㅅㅣㅇㅟ,tldnl
시일,ㅅㅣㅇㅣㄹ,tldlf
시작,ㅅㅣㅈㅏㄱ,tlwkr
시작되다,ㅅㅣㅈㅏㄱㄷㅚㄷㅏ,tlwkrehlek
시작하다,ㅅㅣㅈㅏㄱㅎㅏㄷㅏ,tlwkrgkek
시장,ㅅㅣㅈㅏㅇ,tlwkd
시절,ㅅㅣㅈㅓㄹ,tlwjf
시점,ㅅㅣㅈㅓㅁ,tlwja
시중,ㅅㅣㅈㅜㅇ,tlwnd
시즌,ㅅㅣㅈㅡㄴ,tlwms
시집,ㅅㅣㅈㅣㅂ,tlwlq
시집가다,ㅅㅣㅈㅣㅂㄱㅏㄷㅏ,tlwlqrkek
시청,ㅅㅣㅊㅓㅇ,tlcjd
시청률,ㅅㅣㅊㅓㅇㄹㅠㄹ,tlcjdfbf
시청자,ㅅㅣㅊㅓㅇㅈㅏ,tlcjdwk
시키다,ㅅㅣㅋㅣㄷㅏ,tlzlek
시합,ㅅㅣㅎㅏㅂ,tlgkq
시험,ㅅㅣㅎㅓㅁ,tlgja
식,ㅅㅣㄱ,tlr
식구,ㅅㅣㄱㄱㅜ,tlrrn
식기,ㅅㅣㄱㄱㅣ,tlrrl
식다,ㅅㅣㄱㄷㅏ,tlrek
식당,ㅅㅣㄱㄷㅏㅇ,tlrekd
식량,ㅅㅣㄱㄹㅑㅇ,tlrfid
식료품,ㅅㅣㄱㄹㅛㅍㅜㅁ,tlrfyvna
식물,ㅅㅣㄱㅁㅜㄹ,tlranf
식빵,ㅅㅣㄱㅃㅏㅇ,tlrQkd
식사,ㅅㅣㄱㅅㅏ,tlrtk
식사하다,ㅅㅣㄱㅅㅏㅎㅏㄷㅏ,tlrtkgkek
식생활,ㅅㅣㄱㅅㅐㅇㅎㅘㄹ,tlrtodghkf
식욕,ㅅㅣㄱㅇㅛㄱ,tlrdyr
식용유,ㅅㅣㄱㅇㅛㅇㅇㅠ,tlrdyddb
식초,ㅅㅣㄱㅊㅗ,tlrch
식탁,ㅅㅣㄱㅌㅏㄱ,tlrxkr
식품,ㅅㅣㄱㅍㅜㅁ,tlrvna
식품점,ㅅㅣㄱㅍㅜㅁㅈㅓㅁ,tlrvnawja
식히다,ㅅㅣㄱㅎㅣㄷㅏ,tlrglek
신,ㅅㅣㄴ,tls
신경,ㅅㅣㄴㄱㅕㅇ,tlsrud
신고,ㅅㅣㄴㄱㅗ,tlsrh
신고하다,ㅅㅣㄴㄱㅗㅎㅏㄷㅏ,tlsrhgkek
신규,ㅅㅣㄴㄱㅠ,tlsrb
신기하다,ㅅㅣㄴㄱㅣㅎㅏㄷㅏ,tlsrlgkek
신념,ㅅㅣㄴㄴㅕㅁ,tlssua
신다,ㅅㅣㄴㄷㅏ,tlsek
신라,ㅅㅣㄴㄹㅏ,tlsfk
신랑,ㅅㅣㄴㄹㅏㅇ,tlsfkd
신문사,ㅅㅣㄴㅁㅜㄴㅅㅏ,tlsanstk
신문지,ㅅㅣㄴㅁㅜㄴㅈㅣ,tlsanswl
신발,ㅅㅣㄴㅂㅏㄹ,tlsqkf
신부,ㅅㅣㄴㅂㅜ,tlsqn
신분,ㅅㅣㄴㅂㅜㄴ,tlsqns
신비,ㅅㅣㄴㅂㅣ,tlsql
신선하다,ㅅㅣㄴㅅㅓㄴㅎㅏㄷㅏ,tlstjsgkek
신설,ㅅㅣㄴㅅㅓㄹ,tlstjf
신세,ㅅㅣㄴㅅㅔ,tlstp
신세대,ㅅㅣㄴㅅㅔㄷㅐ,tlstpeo
신속하다,ㅅㅣㄴㅅㅗㄱㅎㅏㄷㅏ,tlsthrgkek
신용,ㅅㅣㄴㅇㅛㅇ,tlsdyd
신인,ㅅㅣㄴㅇㅣㄴ,tlsdls
신입생,ㅅㅣㄴㅇㅣㅂㅅㅐㅇ,tlsdlqtod
신제품,ㅅㅣㄴㅈㅔㅍㅜㅁ,tlswpvna
신중하다,ㅅㅣㄴㅈㅜㅇㅎㅏㄷㅏ,tlswndgkek
신청,ㅅㅣㄴㅊㅓㅇ,tlscjd
신청서,ㅅㅣㄴㅊㅓㅇㅅㅓ,tlscjdtj
신청하다,ㅅㅣㄴㅊㅓㅇㅎㅏㄷㅏ,tlscjdgkek
신체,ㅅㅣㄴㅊㅔ,tlscp
신체적,ㅅㅣㄴㅊㅔㅈㅓㄱ,tlscpwjr
신호,ㅅㅣㄴㅎㅗ,tlsgh
신호등,ㅅㅣㄴㅎㅗㄷㅡㅇ,tlsghemd
신혼부부,ㅅㅣㄴㅎㅗㄴㅂㅜㅂㅜ,tlsghsqnqn
신혼여행,ㅅㅣㄴㅎㅗㄴㅇㅕㅎㅐㅇ,tlsghsdugod
신화,ㅅㅣㄴㅎㅘ,tlsghk
싣다,ㅅㅣㄷㄷㅏ,tleek
실,ㅅㅣㄹ,tlf
실감,ㅅㅣㄹㄱㅏㅁ,tlfrka
실내,ㅅㅣㄹㄴㅐ,tlfso
실력,ㅅㅣㄹㄹㅕㄱ,tlffur
실례,ㅅㅣㄹㄹㅖ,tlffP
실례하다,ㅅㅣㄹㄹㅖㅎㅏㄷㅏ,tlffPgkek
실로,ㅅㅣㄹㄹㅗ,tlffh
실리다,ㅅㅣㄹㄹㅣㄷㅏ,tlfflek
실망,ㅅㅣㄹㅁㅏㅇ,tlfakd
실망하다,ㅅㅣㄹㅁㅏㅇㅎㅏㄷㅏ,tlfakdgkek
실수,ㅅㅣㄹㅅㅜ,tlftn
실수하다,ㅅㅣㄹㅅㅜㅎㅏㄷㅏ,tlftngkek
실습,ㅅㅣㄹㅅㅡㅂ,tlftmq
실시,ㅅㅣㄹㅅㅣ,tlftl
실시되다,ㅅㅣㄹㅅㅣㄷㅚㄷㅏ,tlftlehlek
실시하다,ㅅㅣㄹㅅㅣㅎㅏㄷㅏ,tlftlgkek
실은,ㅅㅣㄹㅇㅡㄴ,tlfdms
실장,ㅅㅣㄹㅈㅏㅇ,tlfwkd
실정,ㅅㅣㄹㅈㅓㅇ,tlfwjd
실제,ㅅㅣㄹㅈㅔ,tlfwp
실제로,ㅅㅣㄹㅈㅔㄹㅗ,tlfwpfh
실질적,ㅅㅣㄹㅈㅣㄹㅈㅓㄱ,tlfwlfwjr
실천,ㅅㅣㄹㅊㅓㄴ,tlfcjs
실천하다,ㅅㅣㄹㅊㅓㄴㅎㅏㄷㅏ,tlfcjsgkek
실체,ㅅㅣㄹㅊㅔ,tlfcp
실컷,ㅅㅣㄹㅋㅓㅅ,tlfzjt
실태,ㅅㅣㄹㅌㅐ,tlfxo
실패,ㅅㅣㄹㅍㅐ,tlfvo
실패하다,ㅅㅣㄹㅍㅐㅎㅏㄷㅏ,tlfvogkek
실험,ㅅㅣㄹㅎㅓㅁ,tlfgja
실현,ㅅㅣㄹㅎㅕㄴ,tlfgus
실현되다,ㅅㅣㄹㅎㅕㄴㄷㅚㄷㅏ,tlfgusehlek
실현하다,ㅅㅣㄹㅎㅕㄴㅎㅏㄷㅏ,tlfgusgkek
싫다,ㅅㅣㅀㄷㅏ,tlfgek
싫어지다,ㅅㅣㅀㅇㅓㅈㅣㄷㅏ,tlfgdjwlek
싫어하다,ㅅㅣㅀㅇㅓㅎㅏㄷㅏ,tlfgdjgkek
심각하다,ㅅㅣㅁㄱㅏㄱㅎㅏㄷㅏ,tlarkrgkek
심각해지다,ㅅㅣㅁㄱㅏㄱㅎㅐㅈㅣㄷㅏ,tlarkrgowlek
심다,ㅅㅣㅁㄷㅏ,tlaek
심리,ㅅㅣㅁㄹㅣ,tlafl
심리적,ㅅㅣㅁㄹㅣㅈㅓㄱ,tlaflwjr
심부름,ㅅㅣㅁㅂㅜㄹㅡㅁ,tlaqnfma
심사,ㅅㅣㅁㅅㅏ,tlatk
심심하다,ㅅㅣㅁㅅㅣㅁㅎㅏㄷㅏ,tlatlagkek
심장,ㅅㅣㅁㅈㅏㅇ,tlawkd
심정,ㅅㅣㅁㅈㅓㅇ,tlawjd
심판,ㅅㅣㅁㅍㅏㄴ,tlavks
심하다,ㅅㅣㅁㅎㅏㄷㅏ,tlagkek
심해지다,ㅅㅣㅁㅎㅐㅈㅣㄷㅏ,tlagowlek
십,ㅅㅣㅂ,tlq
십이월,ㅅㅣㅂㅇㅣㅇㅝㄹ,tlqdldnjf
십일월,ㅅㅣㅂㅇㅣㄹㅇㅝㄹ,tlqdlfdnjf
싱겁다,ㅅㅣㅇㄱㅓㅂㄷㅏ,tldrjqek
싱싱하다,ㅅㅣㅇㅅㅣㅇㅎㅏㄷㅏ,tldtldgkek
싶다,ㅅㅣㅍㄷㅏ,tlvek
싶어지다,ㅅㅣㅍㅇㅓㅈㅣㄷㅏ,tlvdjwlek
싸구려,ㅆㅏㄱㅜㄹㅕ,Tkrnfu
싸다,ㅆㅏㄷㅏ,Tkek
싸우다,ㅆㅏㅇㅜㄷㅏ,Tkdnek
싸움,ㅆㅏㅇㅜㅁ,Tkdna
싹,ㅆㅏㄱ,Tkr
싼값,ㅆㅏㄴㄱㅏㅄ,Tksrkqt
쌀,ㅆㅏㄹ,Tkf
쌍,ㅆㅏㅇ,Tkd
쌍둥이,ㅆㅏㅇㄷㅜㅇㅇㅣ,Tkdenddl
쌓다,ㅆㅏㅎㄷㅏ,Tkgek
쌓이다,ㅆㅏㅎㅇㅣㄷㅏ,Tkgdlek
썩,ㅆㅓㄱ,Tjr
썩다,ㅆㅓㄱㄷㅏ,Tjrek
썰다,ㅆㅓㄹㄷㅏ,Tjfek
썰렁하다,ㅆㅓㄹㄹㅓㅇㅎㅏㄷㅏ,Tjffjdgkek
쏘다,ㅆㅗㄷㅏ,Thek
쏟다,ㅆㅗㄷㄷㅏ,Theek
쏟아지다,ㅆㅗㄷㅇㅏㅈㅣㄷㅏ,Thedkwlek
쓰다,ㅆㅡㄷㅏ,Tmek
쓰다듬다,ㅆㅡㄷㅏㄷㅡㅁㄷㅏ,Tmekemaek
쓰러지다,ㅆㅡㄹㅓㅈㅣㄷㅏ,Tmfjwlek
쓰레기,ㅆㅡㄹㅔㄱㅣ,Tmfprl
쓰레기통,ㅆㅡㄹㅔㄱㅣㅌㅗㅇ,Tmfprlxhd
쓰이다,ㅆㅡㅇㅣㄷㅏ,Tmdlek
쓴맛,ㅆㅡㄴㅁㅏㅅ,Tmsakt
쓸다,ㅆㅡㄹㄷㅏ,Tmfek
쓸데없다,ㅆㅡㄹㄷㅔㅇㅓㅄㄷㅏ,Tmfepdjqtek
쓸데없이,ㅆㅡㄹㄷㅔㅇㅓㅄㅇㅣ,Tmfepdjqtdl
쓸쓸하다,ㅆㅡㄹㅆㅡㄹㅎㅏㄷㅏ,TmfTmfgkek
씌우다,ㅆㅢㅇㅜㄷㅏ,Tmldnek
씨,ㅆㅣ,Tl
씨름,ㅆㅣㄹㅡㅁ,Tlfma
씨앗,ㅆㅣㅇㅏㅅ,Tldkt
씩씩하다,ㅆㅣㄱㅆㅣㄱㅎㅏㄷㅏ,TlrTlrgkek
씹다,ㅆㅣㅂㄷㅏ,Tlqek
씻기다,ㅆㅣㅅㄱㅣㄷㅏ,Tltrlek
씻다,ㅆㅣㅅㄷㅏ,Tltek
아,ㅇㅏ,dk
아가씨,ㅇㅏㄱㅏㅆㅣ,dkrkTl
아기,ㅇㅏㄱㅣ,dkrl
아까,ㅇㅏㄲㅏ,dkRk
아깝다,ㅇㅏㄲㅏㅂㄷㅏ,dkRkqek
아끼다,ㅇㅏㄲㅣㄷㅏ,dkRlek
아나운서,ㅇㅏㄴㅏㅇㅜㄴㅅㅓ,dkskdnstj
아내,ㅇㅏㄴㅐ,dkso
아냐,ㅇㅏㄴㅑ,dksi
아뇨,ㅇㅏㄴㅛ,dksy
아니,ㅇㅏㄴㅣ,dksl
아니다,ㅇㅏㄴㅣㄷㅏ,dkslek
아니야,ㅇㅏㄴㅣㅇㅑ,dksldi
아니요,ㅇㅏㄴㅣㅇㅛ,dksldy
아니하다,ㅇㅏㄴㅣㅎㅏㄷㅏ,dkslgkek
아드님,ㅇㅏㄷㅡㄴㅣㅁ,dkemsla
아들,ㅇㅏㄷㅡㄹ,dkemf
아래,ㅇㅏㄹㅐ,dkfo
아래쪽,ㅇㅏㄹㅐㅉㅗㄱ,dkfoWhr
아래층,ㅇㅏㄹㅐㅊㅡㅇ,dkfocmd
아랫사람,ㅇㅏㄹㅐㅅㅅㅏㄹㅏㅁ,dkfottkfka
아르바이트,ㅇㅏㄹㅡㅂㅏㅇㅣㅌㅡ,dkfmqkdlxm
아름답다,ㅇㅏㄹㅡㅁㄷㅏㅂㄷㅏ,dkfmaekqek
아마,ㅇㅏㅁㅏ,dkak
아마도,ㅇㅏㅁㅏㄷㅗ,dkakeh
아무,ㅇㅏㅁㅜ,dkan
아무개,ㅇㅏㅁㅜㄱㅐ,dkanro
아무것,ㅇㅏㅁㅜㄱㅓㅅ,dkanrjt
아무래도,ㅇㅏㅁㅜㄹㅐㄷㅗ,dkanfoeh
아무런,ㅇㅏㅁㅜㄹㅓㄴ,dkanfjs
아무렇다,ㅇㅏㅁㅜㄹㅓㅎㄷㅏ,dkanfjgek
아무리,ㅇㅏㅁㅜㄹㅣ,dkanfl
아무튼,ㅇㅏㅁㅜㅌㅡㄴ,dkanxms
아버님,ㅇㅏㅂㅓㄴㅣㅁ,dkqjsla
아버지,ㅇㅏㅂㅓㅈㅣ,dkqjwl
아빠,ㅇㅏㅃㅏ,dkQk
아쉬움,ㅇㅏㅅㅟㅇㅜㅁ,dktnldna
아쉽다,ㅇㅏㅅㅟㅂㄷㅏ,dktnlqek
아스팔트,ㅇㅏㅅㅡㅍㅏㄹㅌㅡ,dktmvkfxm
아시아,ㅇㅏㅅㅣㅇㅏ,dktldk
아아,ㅇㅏㅇㅏ,dkdk
아예,ㅇㅏㅇㅖ,dkdP
아울러,ㅇㅏㅇㅜㄹㄹㅓ,dkdnffj
아유,ㅇㅏㅇㅠ,dkdb
아이,ㅇㅏㅇㅣ,dkdl
아이고,ㅇㅏㅇㅣㄱㅗ,dkdlrh
아이디어,ㅇㅏㅇㅣㄷㅣㅇㅓ,dkdleldj
아이스크림,ㅇㅏㅇㅣㅅㅡㅋㅡㄹㅣㅁ,dkdltmzmfla
아저씨,ㅇㅏㅈㅓㅆㅣ,dkwjTl
아주,ㅇㅏㅈㅜ,dkwn
아주머니,ㅇㅏㅈㅜㅁㅓㄴㅣ,dkwnajsl
아줌마,ㅇㅏㅈㅜㅁㅁㅏ,dkwnaak
아직,ㅇㅏㅈㅣㄱ,dkwlr
아침,ㅇㅏㅊㅣㅁ,dkcla
아파트,ㅇㅏㅍㅏㅌㅡ,dkvkxm
아프다,ㅇㅏㅍㅡㄷㅏ,dkvmek
아프리카,ㅇㅏㅍㅡㄹㅣㅋㅏ,dkvmflzk
아픔,ㅇㅏㅍㅡㅁ,dkvma
아하,ㅇㅏㅎㅏ,dkgk
아홉,ㅇㅏㅎㅗㅂ,dkghq
아흔,ㅇㅏㅎㅡㄴ,dkgms
악기,ㅇㅏㄱㄱㅣ,dkrrl
악몽,ㅇㅏㄱㅁㅗㅇ,dkrahd
악수,ㅇㅏㄱㅅㅜ,dkrtn
안,ㅇㅏㄴ,dks
안개,ㅇㅏㄴㄱㅐ,dksro
안경,ㅇㅏㄴㄱㅕㅇ,dksrud
안과,ㅇㅏㄴㄱㅘ,dksrhk
안기다,ㅇㅏㄴㄱㅣㄷㅏ,dksrlek
안내,ㅇㅏㄴㄴㅐ,dksso
안내하다,ㅇㅏㄴㄴㅐㅎㅏㄷㅏ,dkssogkek
안녕,ㅇㅏㄴㄴㅕㅇ,dkssud
안녕하다,ㅇㅏㄴㄴㅕㅇㅎㅏㄷㅏ,dkssudgkek
안녕히,ㅇㅏㄴㄴㅕㅇㅎㅣ,dkssudgl
안다,ㅇㅏㄴㄷㅏ,dksek
안동,ㅇㅏㄴㄷㅗㅇ,dksehd
안되다,ㅇㅏㄴㄷㅚㄷㅏ,dksehlek
안방,ㅇㅏㄴㅂㅏㅇ,dksqkd
안부,ㅇㅏㄴㅂㅜ,dksqn
안심하다,ㅇㅏㄴㅅㅣㅁㅎㅏㄷㅏ,dkstlagkek
안전,ㅇㅏㄴㅈㅓㄴ,dkswjs
안전하다,ㅇㅏㄴㅈㅓㄴㅎㅏㄷㅏ,dkswjsgkek
안정,ㅇㅏㄴㅈㅓㅇ,dkswjd
안정되다,ㅇㅏㄴㅈㅓㅇㄷㅚㄷㅏ,dkswjdehlek
안주,ㅇㅏㄴㅈㅜ,dkswn
안쪽,ㅇㅏㄴㅉㅗㄱ,dksWhr
안타깝다,ㅇㅏㄴㅌㅏㄲㅏㅂㄷㅏ,dksxkRkqek
안팎,ㅇㅏㄴㅍㅏㄲ,dksvkR
앉다,ㅇㅏㄵㄷㅏ,dkswek
앉히다,ㅇㅏㄵㅎㅣㄷㅏ,dkswglek
않다,ㅇㅏㄶㄷㅏ,dksgek
알,ㅇㅏㄹ,dkf
알다,ㅇㅏㄹㄷㅏ,dkfek
알려지다,ㅇㅏㄹㄹㅕㅈㅣㄷㅏ,dkffuwlek
알루미늄,ㅇㅏㄹㄹㅜㅁㅣㄴㅠㅁ,dkffnalsba
알리다,ㅇㅏㄹㄹㅣㄷㅏ,dkfflek
알맞다,ㅇㅏㄹㅁㅏㅈㄷㅏ,dkfakwek
알아내다,ㅇㅏㄹㅇㅏㄴㅐㄷㅏ,dkfdksoek
알아듣다,ㅇㅏㄹㅇㅏㄷㅡㄷㄷㅏ,dkfdkemeek
알아보다,ㅇㅏㄹㅇㅏㅂㅗㄷㅏ,dkfdkqhek
알아주다,ㅇㅏㄹㅇㅏㅈㅜㄷㅏ,dkfdkwnek
알코올,ㅇㅏㄹㅋㅗㅇㅗㄹ,dkfzhdhf
앓다,ㅇㅏㅀㄷㅏ,dkfgek
암,ㅇㅏㅁ,dka
암시,ㅇㅏㅁㅅㅣ,dkatl
암컷,ㅇㅏㅁㅋㅓㅅ,dkazjt
압력,ㅇㅏㅂㄹㅕㄱ,dkqfur
앞,ㅇㅏㅍ,dkv
앞길,ㅇㅏㅍㄱㅣㄹ,dkvrlf
앞날,ㅇㅏㅍㄴㅏㄹ,dkvskf
앞두다,ㅇㅏㅍㄷㅜㄷㅏ,dkvenek
앞뒤,ㅇㅏㅍㄷㅟ,dkvenl
앞문,ㅇㅏㅍㅁㅜㄴ,dkvans
앞바다,ㅇㅏㅍㅂㅏㄷㅏ,dkvqkek
앞서,ㅇㅏㅍㅅㅓ,dkvtj
앞서다,ㅇㅏㅍㅅㅓㄷㅏ,dkvtjek
앞세우다,ㅇㅏㅍㅅㅔㅇㅜㄷㅏ,dkvtpdnek
앞장서다,ㅇㅏㅍㅈㅏㅇㅅㅓㄷㅏ,dkvwkdtjek
앞쪽,ㅇㅏㅍㅉㅗㄱ,dkvWhr
애,ㅇㅐ,do
애쓰다,ㅇㅐㅆㅡㄷㅏ,doTmek
애인,ㅇㅐㅇㅣㄴ,dodls
애정,ㅇㅐㅈㅓㅇ,dowjd
애초,ㅇㅐㅊㅗ,doch
액세서리,ㅇㅐㄱㅅㅔㅅㅓㄹㅣ,dortptjfl
액수,ㅇㅐㄱㅅㅜ,dortn
앨범,ㅇㅐㄹㅂㅓㅁ,dofqja
야,ㅇㅑ,di
야간,ㅇㅑㄱㅏㄴ,dirks
야구,ㅇㅑㄱㅜ,dirn
야구장,ㅇㅑㄱㅜㅈㅏㅇ,dirnwkd
야단,ㅇㅑㄷㅏㄴ,dieks
야옹,ㅇㅑㅇㅗㅇ,didhd
야외,ㅇㅑㅇㅚ,didhl
야채,ㅇㅑㅊㅐ,dico
야하다,ㅇㅑㅎㅏㄷㅏ,digkek
약,ㅇㅑㄱ,dir
약간,ㅇㅑㄱㄱㅏㄴ,dirrks
약국,ㅇㅑㄱㄱㅜㄱ,dirrnr
약속,ㅇㅑㄱㅅㅗㄱ,dirthr
약속하다,ㅇㅑㄱㅅㅗㄱㅎㅏㄷㅏ,dirthrgkek
약수,ㅇㅑㄱㅅㅜ,dirtn
약점,ㅇㅑㄱㅈㅓㅁ,dirwja
약품,ㅇㅑㄱㅍㅜㅁ,dirvna
약하다,ㅇㅑㄱㅎㅏㄷㅏ,dirgkek
약해지다,ㅇㅑㄱㅎㅐㅈㅣㄷㅏ,dirgowlek
약혼녀,ㅇㅑㄱㅎㅗㄴㄴㅕ,dirghssu
약혼자,ㅇㅑㄱㅎㅗㄴㅈㅏ,dirghswk
얄밉다,ㅇㅑㄹㅁㅣㅂㄷㅏ,difalqek
얇다,ㅇㅑㄼㄷㅏ,difqek
양,ㅇㅑㅇ,did
양2,ㅇㅑㅇ2,did2
양25,ㅇㅑㅇ25,did25
양국,ㅇㅑㅇㄱㅜㄱ,didrnr
양념,ㅇㅑㅇㄴㅕㅁ,didsua
양력,ㅇㅑㅇㄹㅕㄱ,didfur
양말,ㅇㅑㅇㅁㅏㄹ,didakf
양배추,ㅇㅑㅇㅂㅐㅊㅜ,didqocn
양보,ㅇㅑㅇㅂㅗ,didqh
양보하다,ㅇㅑㅇㅂㅗㅎㅏㄷㅏ,didqhgkek
양복,ㅇㅑㅇㅂㅗㄱ,didqhr
양상추,ㅇㅑㅇㅅㅏㅇㅊㅜ,didtkdcn
양식,ㅇㅑㅇㅅㅣㄱ,didtlr
양심,ㅇㅑㅇㅅㅣㅁ,didtla
양옆,ㅇㅑㅇㅇㅕㅍ,didduv
양주,ㅇㅑㅇㅈㅜ,didwn
양쪽,ㅇㅑㅇㅉㅗㄱ,didWhr
양파,ㅇㅑㅇㅍㅏ,didvk
얕다,ㅇㅑㅌㄷㅏ,dixek
얘,ㅇㅒ,dO
얘기,ㅇㅒㄱㅣ,dOrl
얘기하다,ㅇㅒㄱㅣㅎㅏㄷㅏ,dOrlgkek
어,ㅇㅓ,dj
어기다,ㅇㅓㄱㅣㄷㅏ,djrlek
어깨,ㅇㅓㄲㅐ,djRo
어느,ㅇㅓㄴㅡ,djsm
어느덧,ㅇㅓㄴㅡㄷㅓㅅ,djsmejt
어느새,ㅇㅓㄴㅡㅅㅐ,djsmto
어두워지다,ㅇㅓㄷㅜㅇㅝㅈㅣㄷㅏ,djendnjwlek
어둠,ㅇㅓㄷㅜㅁ,djena
어둡다,ㅇㅓㄷㅜㅂㄷㅏ,djenqek
어디,ㅇㅓㄷㅣ,djel
어때,ㅇㅓㄸㅐ,djEo
어떠하다,ㅇㅓㄸㅓㅎㅏㄷㅏ,djEjgkek
어떡하다,ㅇㅓㄸㅓㄱㅎㅏㄷㅏ,djEjrgkek
어떤,ㅇㅓㄸㅓㄴ,djEjs
어떻다,ㅇㅓㄸㅓㅎㄷㅏ,djEjgek
어려움,ㅇㅓㄹㅕㅇㅜㅁ,djfudna
어려워지다,ㅇㅓㄹㅕㅇㅝㅈㅣㄷㅏ,djfudnjwlek
어렵다,ㅇㅓㄹㅕㅂㄷㅏ,djfuqek
어른,ㅇㅓㄹㅡㄴ,djfms
어리다,ㅇㅓㄹㅣㄷㅏ,djflek
어리석다,ㅇㅓㄹㅣㅅㅓㄱㄷㅏ,djfltjrek
어린아이,ㅇㅓㄹㅣㄴㅇㅏㅇㅣ,djflsdkdl
어린애,ㅇㅓㄹㅣㄴㅇㅐ,djflsdo
어린이,ㅇㅓㄹㅣㄴㅇㅣ,djflsdl
어린이날,ㅇㅓㄹㅣㄴㅇㅣㄴㅏㄹ,djflsdlskf
어머,ㅇㅓㅁㅓ,djaj
어머니,ㅇㅓㅁㅓㄴㅣ,djajsl
어머님,ㅇㅓㅁㅓㄴㅣㅁ,djajsla
어색하다,ㅇㅓㅅㅐㄱㅎㅏㄷㅏ,djtorgkek
어서,ㅇㅓㅅㅓ,djtj
어울리다,ㅇㅓㅇㅜㄹㄹㅣㄷㅏ,djdnfflek
어저께,ㅇㅓㅈㅓㄲㅔ,djwjRp
어제,ㅇㅓㅈㅔ,djwp
어젯밤,ㅇㅓㅈㅔㅅㅂㅏㅁ,djwptqka
어지럽다,ㅇㅓㅈㅣㄹㅓㅂㄷㅏ,djwlfjqek
어째서,ㅇㅓㅉㅐㅅㅓ,djWotj
어쨌든,ㅇㅓㅉㅐㅆㄷㅡㄴ,djWoTems
어쩌다,ㅇㅓㅉㅓㄷㅏ,djWjek
어쩌다가,ㅇㅓㅉㅓㄷㅏㄱㅏ,djWjekrk
어쩌면,ㅇㅓㅉㅓㅁㅕㄴ,djWjaus
어쩐지,ㅇㅓㅉㅓㄴㅈㅣ,djWjswl
어쩜,ㅇㅓㅉㅓㅁ,djWja
어찌,ㅇㅓㅉㅣ,djWl
어찌나,ㅇㅓㅉㅣㄴㅏ,djWlsk
어찌하다,ㅇㅓㅉㅣㅎㅏㄷㅏ,djWlgkek
억,ㅇㅓㄱ,djr
억울하다,ㅇㅓㄱㅇㅜㄹㅎㅏㄷㅏ,djrdnfgkek
언니,ㅇㅓㄴㄴㅣ,djssl
언덕,ㅇㅓㄴㄷㅓㄱ,djsejr
언론,ㅇㅓㄴㄹㅗㄴ,djsfhs
언어,ㅇㅓㄴㅇㅓ,djsdj
언제,ㅇㅓㄴㅈㅔ,djswp
언제나,ㅇㅓㄴㅈㅔㄴㅏ,djswpsk
언젠가,ㅇㅓㄴㅈㅔㄴㄱㅏ,djswpsrk
얹다,ㅇㅓㄵㄷㅏ,djswek
얻다,ㅇㅓㄷㄷㅏ,djeek
얻어먹다,ㅇㅓㄷㅇㅓㅁㅓㄱㄷㅏ,djedjajrek
얼굴,ㅇㅓㄹㄱㅜㄹ,djfrnf
얼다,ㅇㅓㄹㄷㅏ,djfek
얼른,ㅇㅓㄹㄹㅡㄴ,djffms
얼리다,ㅇㅓㄹㄹㅣㄷㅏ,djfflek
얼마,ㅇㅓㄹㅁㅏ,djfak
얼마간,ㅇㅓㄹㅁㅏㄱㅏㄴ,djfakrks
얼마나,ㅇㅓㄹㅁㅏㄴㅏ,djfaksk
얼음,ㅇㅓㄹㅇㅡㅁ,djfdma
얼핏,ㅇㅓㄹㅍㅣㅅ,djfvlt
엄격하다,ㅇㅓㅁㄱㅕㄱㅎㅏㄷㅏ,djarurgkek
엄마,ㅇㅓㅁㅁㅏ,djaak
엄숙하다,ㅇㅓㅁㅅㅜㄱㅎㅏㄷㅏ,djatnrgkek
엄청나다,ㅇㅓㅁㅊㅓㅇㄴㅏㄷㅏ,djacjdskek
업다,ㅇㅓㅂㄷㅏ,djqek
업무,ㅇㅓㅂㅁㅜ,djqan
업종,ㅇㅓㅂㅈㅗㅇ,djqwhd
업체,ㅇㅓㅂㅊㅔ,djqcp
없다,ㅇㅓㅄㄷㅏ,djqtek
없애다,ㅇㅓㅄㅇㅐㄷㅏ,djqtdoek
없어지다,ㅇㅓㅄㅇㅓㅈㅣㄷㅏ,djqtdjwlek
없이,ㅇㅓㅄㅇㅣ,djqtdl
엇갈리다,ㅇㅓㅅㄱㅏㄹㄹㅣㄷㅏ,djtrkfflek
엉덩이,ㅇㅓㅇㄷㅓㅇㅇㅣ,djdejddl
엉뚱하다,ㅇㅓㅇㄸㅜㅇㅎㅏㄷㅏ,djdEndgkek
엉망,ㅇㅓㅇㅁㅏㅇ,djdakd
엉터리,ㅇㅓㅇㅌㅓㄹㅣ,djdxjfl
엊그제,ㅇㅓㅈㄱㅡㅈㅔ,djwrmwp
엎드리다,ㅇㅓㅍㄷㅡㄹㅣㄷㅏ,djvemflek
에,ㅇㅔ,dp
에너지,ㅇㅔㄴㅓㅈㅣ,dpsjwl
에어컨,ㅇㅔㅇㅓㅋㅓㄴ,dpdjzjs
엔,ㅇㅔㄴ,dps
엔진,ㅇㅔㄴㅈㅣㄴ,dpswls
엘리베이터,ㅇㅔㄹㄹㅣㅂㅔㅇㅣㅌㅓ,dpfflqpdlxj
여,ㅇㅕ,du
여가,ㅇㅕㄱㅏ,durk
여간,ㅇㅕㄱㅏㄴ,durks
여건,ㅇㅕㄱㅓㄴ,durjs
여겨지다,ㅇㅕㄱㅕㅈㅣㄷㅏ,duruwlek
여고생,ㅇㅕㄱㅗㅅㅐㅇ,durhtod
여관,ㅇㅕㄱㅘㄴ,durhks
여군,ㅇㅕㄱㅜㄴ,durns
여권,ㅇㅕㄱㅝㄴ,durnjs
여기,ㅇㅕㄱㅣ,durl
여기다,ㅇㅕㄱㅣㄷㅏ,durlek
여기저기,ㅇㅕㄱㅣㅈㅓㄱㅣ,durlwjrl
여대생,ㅇㅕㄷㅐㅅㅐㅇ,dueotod
여덟,ㅇㅕㄷㅓㄼ,duejfq
여동생,ㅇㅕㄷㅗㅇㅅㅐㅇ,duehdtod
여든,ㅇㅕㄷㅡㄴ,duems
여러,ㅇㅕㄹㅓ,dufj
여러분,ㅇㅕㄹㅓㅂㅜㄴ,dufjqns
여럿,ㅇㅕㄹㅓㅅ,dufjt
여론,ㅇㅕㄹㅗㄴ,dufhs
여름,ㅇㅕㄹㅡㅁ,dufma
여름철,ㅇㅕㄹㅡㅁㅊㅓㄹ,dufmacjf
여보,ㅇㅕㅂㅗ,duqh
여보세요,ㅇㅕㅂㅗㅅㅔㅇㅛ,duqhtpdy
여섯,ㅇㅕㅅㅓㅅ,dutjt
여성,ㅇㅕㅅㅓㅇ,dutjd
여왕,ㅇㅕㅇㅘㅇ,dudhkd
여우,ㅇㅕㅇㅜ,dudn
여유,ㅇㅕㅇㅠ,dudb
여인,ㅇㅕㅇㅣㄴ,dudls
여자,ㅇㅕㅈㅏ,duwk
여전하다,ㅇㅕㅈㅓㄴㅎㅏㄷㅏ,duwjsgkek
여전히,ㅇㅕㅈㅓㄴㅎㅣ,duwjsgl
여직원,ㅇㅕㅈㅣㄱㅇㅝㄴ,duwlrdnjs
여쭈다,ㅇㅕㅉㅜㄷㅏ,duWnek
여학생,ㅇㅕㅎㅏㄱㅅㅐㅇ,dugkrtod
여행,ㅇㅕㅎㅐㅇ,dugod
여행사,ㅇㅕㅎㅐㅇㅅㅏ,dugodtk
여행하다,ㅇㅕㅎㅐㅇㅎㅏㄷㅏ,dugodgkek
역,ㅇㅕㄱ,dur
역사,ㅇㅕㄱㅅㅏ,durtk
역사가,ㅇㅕㄱㅅㅏㄱㅏ,durtkrk
역사상,ㅇㅕㄱㅅㅏㅅㅏㅇ,durtktkd
역사적,ㅇㅕㄱㅅㅏㅈㅓㄱ,durtkwjr
역사학,ㅇㅕㄱㅅㅏㅎㅏㄱ,durtkgkr
역시,ㅇㅕㄱㅅㅣ,durtl
역할,ㅇㅕㄱㅎㅏㄹ,durgkf
연간,ㅇㅕㄴㄱㅏㄴ,dusrks
연결,ㅇㅕㄴㄱㅕㄹ,dusruf
연결되다,ㅇㅕㄴㄱㅕㄹㄷㅚㄷㅏ,dusrufehlek
연결하다,ㅇㅕㄴㄱㅕㄹㅎㅏㄷㅏ,dusrufgkek
연관,ㅇㅕㄴㄱㅘㄴ,dusrhks
연구,ㅇㅕㄴㄱㅜ,dusrn
연구소,ㅇㅕㄴㄱㅜㅅㅗ,dusrnth
연구실,ㅇㅕㄴㄱㅜㅅㅣㄹ,dusrntlf
연구원,ㅇㅕㄴㄱㅜㅇㅝㄴ,dusrndnjs
연구자,ㅇㅕㄴㄱㅜㅈㅏ,dusrnwk
연구하다,ㅇㅕㄴㄱㅜㅎㅏㄷㅏ,dusrngkek
연극,ㅇㅕㄴㄱㅡㄱ,dusrmr
연기,ㅇㅕㄴㄱㅣ,dusrl
연기되다,ㅇㅕㄴㄱㅣㄷㅚㄷㅏ,dusrlehlek
연기자,ㅇㅕㄴㄱㅣㅈㅏ,dusrlwk
연기하다,ㅇㅕㄴㄱㅣㅎㅏㄷㅏ,dusrlgkek
연두색,ㅇㅕㄴㄷㅜㅅㅐㄱ,dusentor
연락,ㅇㅕㄴㄹㅏㄱ,dusfkr
연락처,ㅇㅕㄴㄹㅏㄱㅊㅓ,dusfkrcj
연락하다,ㅇㅕㄴㄹㅏㄱㅎㅏㄷㅏ,dusfkrgkek
연령,ㅇㅕㄴㄹㅕㅇ,dusfud
연말,ㅇㅕㄴㅁㅏㄹ,dusakf
연상하다,ㅇㅕㄴㅅㅏㅇㅎㅏㄷㅏ,dustkdgkek
연설,ㅇㅕㄴㅅㅓㄹ,dustjf
연세,ㅇㅕㄴㅅㅔ,dustp
연속,ㅇㅕㄴㅅㅗㄱ,dusthr
연습,ㅇㅕㄴㅅㅡㅂ,dustmq
연습하다,ㅇㅕㄴㅅㅡㅂㅎㅏㄷㅏ,dustmqgkek
연애,ㅇㅕㄴㅇㅐ,dusdo
연예인,ㅇㅕㄴㅇㅖㅇㅣㄴ,dusdPdls
연인,ㅇㅕㄴㅇㅣㄴ,dusdls
연장,ㅇㅕㄴㅈㅏㅇ,duswkd
연주,ㅇㅕㄴㅈㅜ,duswn
연출,ㅇㅕㄴㅊㅜㄹ,duscnf
연출하다,ㅇㅕㄴㅊㅜㄹㅎㅏㄷㅏ,duscnfgkek
연필,ㅇㅕㄴㅍㅣㄹ,dusvlf
연하다,ㅇㅕㄴㅎㅏㄷㅏ,dusgkek
연합,ㅇㅕㄴㅎㅏㅂ,dusgkq
연휴,ㅇㅕㄴㅎㅠ,dusgb
열,ㅇㅕㄹ,duf
열기,ㅇㅕㄹㄱㅣ,dufrl
열다,ㅇㅕㄹㄷㅏ,dufek
열리다,ㅇㅕㄹㄹㅣㄷㅏ,dufflek
열매,ㅇㅕㄹㅁㅐ,dufao
열쇠,ㅇㅕㄹㅅㅚ,dufthl
열심히,ㅇㅕㄹㅅㅣㅁㅎㅣ,duftlagl
열정,ㅇㅕㄹㅈㅓㅇ,dufwjd
열중하다,ㅇㅕㄹㅈㅜㅇㅎㅏㄷㅏ,dufwndgkek
열차,ㅇㅕㄹㅊㅏ,dufck
열흘,ㅇㅕㄹㅎㅡㄹ,dufgmf
엷다,ㅇㅕㄼㄷㅏ,dufqek
염려,ㅇㅕㅁㄹㅕ,duafu
염려하다,ㅇㅕㅁㄹㅕㅎㅏㄷㅏ,duafugkek
엽서,ㅇㅕㅂㅅㅓ,duqtj
엿보다,ㅇㅕㅅㅂㅗㄷㅏ,dutqhek
영,ㅇㅕㅇ,dud
영국,ㅇㅕㅇㄱㅜㄱ,dudrnr
영남,ㅇㅕㅇㄴㅏㅁ,dudska
영상,ㅇㅕㅇㅅㅏㅇ,dudtkd
영양,ㅇㅕㅇㅇㅑㅇ,duddid
영어,ㅇㅕㅇㅇㅓ,duddj
영업,ㅇㅕㅇㅇㅓㅂ,duddjq
영역,ㅇㅕㅇㅇㅕㄱ,duddur
영웅,ㅇㅕㅇㅇㅜㅇ,duddnd
영원하다,ㅇㅕㅇㅇㅝㄴㅎㅏㄷㅏ,duddnjsgkek
영원히,ㅇㅕㅇㅇㅝㄴㅎㅣ,duddnjsgl
영하,ㅇㅕㅇㅎㅏ,dudgk
영향,ㅇㅕㅇㅎㅑㅇ,dudgid
영향력,ㅇㅕㅇㅎㅑㅇㄹㅕㄱ,dudgidfur
영혼,ㅇㅕㅇㅎㅗㄴ,dudghs
영화,ㅇㅕㅇㅎㅘ,dudghk
영화관,ㅇㅕㅇㅎㅘㄱㅘㄴ,dudghkrhks
영화배우,ㅇㅕㅇㅎㅘㅂㅐㅇㅜ,dudghkqodn
영화제,ㅇㅕㅇㅎㅘㅈㅔ,dudghkwp
옆,ㅇㅕㅍ,duv
옆구리,ㅇㅕㅍㄱㅜㄹㅣ,duvrnfl
옆방,ㅇㅕㅍㅂㅏㅇ,duvqkd
옆집,ㅇㅕㅍㅈㅣㅂ,duvwlq
예,ㅇㅖ,dP
예감,ㅇㅖㄱㅏㅁ,dPrka
예고하다,ㅇㅖㄱㅗㅎㅏㄷㅏ,dPrhgkek
예금,ㅇㅖㄱㅡㅁ,dPrma
예매하다,ㅇㅖㅁㅐㅎㅏㄷㅏ,dPaogkek
예방,ㅇㅖㅂㅏㅇ,dPqkd
예방하다,ㅇㅖㅂㅏㅇㅎㅏㄷㅏ,dPqkdgkek
예보,ㅇㅖㅂㅗ,dPqh
예비,ㅇㅖㅂㅣ,dPql
예쁘다,ㅇㅖㅃㅡㄷㅏ,dPQmek
예산,ㅇㅖㅅㅏㄴ,dPtks
예상,ㅇㅖㅅㅏㅇ,dPtkd
예상되다,ㅇㅖㅅㅏㅇㄷㅚㄷㅏ,dPtkdehlek
예상하다,ㅇㅖㅅㅏㅇㅎㅏㄷㅏ,dPtkdgkek
예선,ㅇㅖㅅㅓㄴ,dPtjs
예순,ㅇㅖㅅㅜㄴ,dPtns
예술,ㅇㅖㅅㅜㄹ,dPtnf
예술가,ㅇㅖㅅㅜㄹㄱㅏ,dPtnfrk
예술적,ㅇㅖㅅㅜㄹㅈㅓㄱ,dPtnfwjr
예습,ㅇㅖㅅㅡㅂ,dPtmq
예습하다,ㅇㅖㅅㅡㅂㅎㅏㄷㅏ,dPtmqgkek
예식장,ㅇㅖㅅㅣㄱㅈㅏㅇ,dPtlrwkd
예약,ㅇㅖㅇㅑㄱ,dPdir
예약하다,ㅇㅖㅇㅑㄱㅎㅏㄷㅏ,dPdirgkek
예외,ㅇㅖㅇㅚ,dPdhl
예의,ㅇㅖㅇㅢ,dPdml
예전,ㅇㅖㅈㅓㄴ,dPwjs
예절,ㅇㅖㅈㅓㄹ,dPwjf
예정,ㅇㅖㅈㅓㅇ,dPwjd
예정되다,ㅇㅖㅈㅓㅇㄷㅚㄷㅏ,dPwjdehlek
예측하다,ㅇㅖㅊㅡㄱㅎㅏㄷㅏ,dPcmrgkek
예컨대,ㅇㅖㅋㅓㄴㄷㅐ,dPzjseo
옛,ㅇㅖㅅ,dPt
옛날,ㅇㅖㅅㄴㅏㄹ,dPtskf
옛날이야기,ㅇㅖㅅㄴㅏㄹㅇㅣㅇㅑㄱㅣ,dPtskfdldirl
오,ㅇㅗ,dh
오가다,ㅇㅗㄱㅏㄷㅏ,dhrkek
오늘,ㅇㅗㄴㅡㄹ,dhsmf
오늘날,ㅇㅗㄴㅡㄹㄴㅏㄹ,dhsmfskf
오다,ㅇㅗㄷㅏ,dhek
오락,ㅇㅗㄹㅏㄱ,dhfkr
오래,ㅇㅗㄹㅐ,dhfo
오래간만,ㅇㅗㄹㅐㄱㅏㄴㅁㅏㄴ,dhforksaks
오래도록,ㅇㅗㄹㅐㄷㅗㄹㅗㄱ,dhfoehfhr
오래되다,ㅇㅗㄹㅐㄷㅚㄷㅏ,dhfoehlek
오래전,ㅇㅗㄹㅐㅈㅓㄴ,dhfowjs
오랜,ㅇㅗㄹㅐㄴ,dhfos
오랜만,ㅇㅗㄹㅐㄴㅁㅏㄴ,dhfosaks
오랫동안,ㅇㅗㄹㅐㅅㄷㅗㅇㅇㅏㄴ,dhfotehddks
오렌지,ㅇㅗㄹㅔㄴㅈㅣ,dhfpswl
오로지,ㅇㅗㄹㅗㅈㅣ,dhfhwl
오르내리다,ㅇㅗㄹㅡㄴㅐㄹㅣㄷㅏ,dhfmsoflek
오르다,ㅇㅗㄹㅡㄷㅏ,dhfmek
오른발,ㅇㅗㄹㅡㄴㅂㅏㄹ,dhfmsqkf
오른손,ㅇㅗㄹㅡㄴㅅㅗㄴ,dhfmsths
오른쪽,ㅇㅗㄹㅡㄴㅉㅗㄱ,dhfmsWhr
오리,ㅇㅗㄹㅣ,dhfl
오븐,ㅇㅗㅂㅡㄴ,dhqms
오빠,ㅇㅗㅃㅏ,dhQk
오십,ㅇㅗㅅㅣㅂ,dhtlq
오염,ㅇㅗㅇㅕㅁ,dhdua
오염되다,ㅇㅗㅇㅕㅁㄷㅚㄷㅏ,dhduaehlek
오월,ㅇㅗㅇㅝㄹ,dhdnjf
오이,ㅇㅗㅇㅣ,dhdl
오전,ㅇㅗㅈㅓㄴ,dhwjs
오직,ㅇㅗㅈㅣㄱ,dhwlr
오징어,ㅇㅗㅈㅣㅇㅇㅓ,dhwlddj
오페라,ㅇㅗㅍㅔㄹㅏ,dhvpfk
오피스텔,ㅇㅗㅍㅣㅅㅡㅌㅔㄹ,dhvltmxpf
오해,ㅇㅗㅎㅐ,dhgo
오후,ㅇㅗㅎㅜ,dhgn
오히려,ㅇㅗㅎㅣㄹㅕ,dhglfu
옥상,ㅇㅗㄱㅅㅏㅇ,dhrtkd
옥수수,ㅇㅗㄱㅅㅜㅅㅜ,dhrtntn
온,ㅇㅗㄴ,dhs
온갖,ㅇㅗㄴㄱㅏㅈ,dhsrkw
온도,ㅇㅗㄴㄷㅗ,dhseh
온돌,ㅇㅗㄴㄷㅗㄹ,dhsehf
온라인,ㅇㅗㄴㄹㅏㅇㅣㄴ,dhsfkdls
온몸,ㅇㅗㄴㅁㅗㅁ,dhsaha
온종일,ㅇㅗㄴㅈㅗㅇㅇㅣㄹ,dhswhddlf
온통,ㅇㅗㄴㅌㅗㅇ,dhsxhd
올,ㅇㅗㄹ,dhf
올가을,ㅇㅗㄹㄱㅏㅇㅡㄹ,dhfrkdmf
올라가다,ㅇㅗㄹㄹㅏㄱㅏㄷㅏ,dhffkrkek
올라서다,ㅇㅗㄹㄹㅏㅅㅓㄷㅏ,dhffktjek
올라오다,ㅇㅗㄹㄹㅏㅇㅗㄷㅏ,dhffkdhek
올라타다,ㅇㅗㄹㄹㅏㅌㅏㄷㅏ,dhffkxkek
올려놓다,ㅇㅗㄹㄹㅕㄴㅗㅎㄷㅏ,dhffushgek
올려다보다,ㅇㅗㄹㄹㅕㄷㅏㅂㅗㄷㅏ,dhffuekqhek
올리다,ㅇㅗㄹㄹㅣㄷㅏ,dhfflek
올림픽,ㅇㅗㄹㄹㅣㅁㅍㅣㄱ,dhfflavlr
올바르다,ㅇㅗㄹㅂㅏㄹㅡㄷㅏ,dhfqkfmek
올여름,ㅇㅗㄹㅇㅕㄹㅡㅁ,dhfdufma
올해,ㅇㅗㄹㅎㅐ,dhfgo
옮기다,ㅇㅗㄻㄱㅣㄷㅏ,dhfarlek
옳다,ㅇㅗㅀㄷㅏ,dhfgek
옷,ㅇㅗㅅ,dht
옷차림,ㅇㅗㅅㅊㅏㄹㅣㅁ,dhtckfla
와,ㅇㅘ,dhk
와이셔츠,ㅇㅘㅇㅣㅅㅕㅊㅡ,dhkdltucm
와인,ㅇㅘㅇㅣㄴ,dhkdls
완벽하다,ㅇㅘㄴㅂㅕㄱㅎㅏㄷㅏ,dhksqurgkek
완성,ㅇㅘㄴㅅㅓㅇ,dhkstjd
완성되다,ㅇㅘㄴㅅㅓㅇㄷㅚㄷㅏ,dhkstjdehlek
완성하다,ㅇㅘㄴㅅㅓㅇㅎㅏㄷㅏ,dhkstjdgkek
완전,ㅇㅘㄴㅈㅓㄴ,dhkswjs
완전하다,ㅇㅘㄴㅈㅓㄴㅎㅏㄷㅏ,dhkswjsgkek
완전히,ㅇㅘㄴㅈㅓㄴㅎㅣ,dhkswjsgl
왕,ㅇㅘㅇ,dhkd
왕비,ㅇㅘㅇㅂㅣ,dhkdql
왕자,ㅇㅘㅇㅈㅏ,dhkdwk
왜,ㅇㅙ,dho
왜냐하면,ㅇㅙㄴㅑㅎㅏㅁㅕㄴ,dhosigkaus
왠지,ㅇㅙㄴㅈㅣ,dhoswl
외,ㅇㅚ,dhl
외갓집,ㅇㅚㄱㅏㅅㅈㅣㅂ,dhlrktwlq
외과,ㅇㅚㄱㅘ,dhlrhk
외교,ㅇㅚㄱㅛ,dhlry
외교관,ㅇㅚㄱㅛㄱㅘㄴ,dhlryrhks
외국,ㅇㅚㄱㅜㄱ,dhlrnr
외국어,ㅇㅚㄱㅜㄱㅇㅓ,dhlrnrdj
외국인,ㅇㅚㄱㅜㄱㅇㅣㄴ,dhlrnrdls
외다,ㅇㅚㄷㅏ,dhlek
외로움,ㅇㅚㄹㅗㅇㅜㅁ,dhlfhdna
외롭다,ㅇㅚㄹㅗㅂㄷㅏ,dhlfhqek
외면하다,ㅇㅚㅁㅕㄴㅎㅏㄷㅏ,dhlausgkek
외모,ㅇㅚㅁㅗ,dhlah
외부,ㅇㅚㅂㅜ,dhlqn
외삼촌,ㅇㅚㅅㅏㅁㅊㅗㄴ,dhltkachs
외아들,ㅇㅚㅇㅏㄷㅡㄹ,dhldkemf
외우다,ㅇㅚㅇㅜㄷㅏ,dhldnek
외제,ㅇㅚㅈㅔ,dhlwp
외출,ㅇㅚㅊㅜㄹ,dhlcnf
외출하다,ㅇㅚㅊㅜㄹㅎㅏㄷㅏ,dhlcnfgkek
외치다,ㅇㅚㅊㅣㄷㅏ,dhlclek
외침,ㅇㅚㅊㅣㅁ,dhlcla
외할머니,ㅇㅚㅎㅏㄹㅁㅓㄴㅣ,dhlgkfajsl
외할아버지,ㅇㅚㅎㅏㄹㅇㅏㅂㅓㅈㅣ,dhlgkfdkqjwl
왼발,ㅇㅚㄴㅂㅏㄹ,dhlsqkf
왼손,ㅇㅚㄴㅅㅗㄴ,dhlsths
왼쪽,ㅇㅚㄴㅉㅗㄱ,dhlsWhr
요,ㅇㅛ,dy
요구,ㅇㅛㄱㅜ,dyrn
요구되다,ㅇㅛㄱㅜㄷㅚㄷㅏ,dyrnehlek
요구하다,ㅇㅛㄱㅜㅎㅏㄷㅏ,dyrngkek
요금,ㅇㅛㄱㅡㅁ,dyrma
요리,ㅇㅛㄹㅣ,dyfl
요리사,ㅇㅛㄹㅣㅅㅏ,dyfltk
요리하다,ㅇㅛㄹㅣㅎㅏㄷㅏ,dyflgkek
요새,ㅇㅛㅅㅐ,dyto
요약하다,ㅇㅛㅇㅑㄱㅎㅏㄷㅏ,dydirgkek
요일,ㅇㅛㅇㅣㄹ,dydlf
요즈음,ㅇㅛㅈㅡㅇㅡㅁ,dywmdma
요즘,ㅇㅛㅈㅡㅁ,dywma
요청,ㅇㅛㅊㅓㅇ,dycjd
요청하다,ㅇㅛㅊㅓㅇㅎㅏㄷㅏ,dycjdgkek
욕,ㅇㅛㄱ,dyr
욕실,ㅇㅛㄱㅅㅣㄹ,dyrtlf
욕심,ㅇㅛㄱㅅㅣㅁ,dyrtla
욕하다,ㅇㅛㄱㅎㅏㄷㅏ,dyrgkek
용,ㅇㅛㅇ,dyd
용감하다,ㅇㅛㅇㄱㅏㅁㅎㅏㄷㅏ,dydrkagkek
용기,ㅇㅛㅇㄱㅣ,dydrl
용도,ㅇㅛㅇㄷㅗ,dydeh
용돈,ㅇㅛㅇㄷㅗㄴ,dydehs
용서,ㅇㅛㅇㅅㅓ,dydtj
용서하다,ㅇㅛㅇㅅㅓㅎㅏㄷㅏ,dydtjgkek
용어,ㅇㅛㅇㅇㅓ,dyddj
우려,ㅇㅜㄹㅕ,dnfu
우리,ㅇㅜㄹㅣ,dnfl
우리나라,ㅇㅜㄹㅣㄴㅏㄹㅏ,dnflskfk
우리말,ㅇㅜㄹㅣㅁㅏㄹ,dnflakf
우산,ㅇㅜㅅㅏㄴ,dntks
우선,ㅇㅜㅅㅓㄴ,dntjs
우수하다,ㅇㅜㅅㅜㅎㅏㄷㅏ,dntngkek
우습다,ㅇㅜㅅㅡㅂㄷㅏ,dntmqek
우승,ㅇㅜㅅㅡㅇ,dntmd
우승하다,ㅇㅜㅅㅡㅇㅎㅏㄷㅏ,dntmdgkek
우아하다,ㅇㅜㅇㅏㅎㅏㄷㅏ,dndkgkek
우연히,ㅇㅜㅇㅕㄴㅎㅣ,dndusgl
우울하다,ㅇㅜㅇㅜㄹㅎㅏㄷㅏ,dndnfgkek
우유,ㅇㅜㅇㅠ,dndb
우정,ㅇㅜㅈㅓㅇ,dnwjd
우주,ㅇㅜㅈㅜ,dnwn
우체국,ㅇㅜㅊㅔㄱㅜㄱ,dncprnr
우편,ㅇㅜㅍㅕㄴ,dnvus
우표,ㅇㅜㅍㅛ,dnvy
운,ㅇㅜㄴ,dns
운동,ㅇㅜㄴㄷㅗㅇ,dnsehd
운동복,ㅇㅜㄴㄷㅗㅇㅂㅗㄱ,dnsehdqhr
운동장,ㅇㅜㄴㄷㅗㅇㅈㅏㅇ,dnsehdwkd
운동하다,ㅇㅜㄴㄷㅗㅇㅎㅏㄷㅏ,dnsehdgkek
운동화,ㅇㅜㄴㄷㅗㅇㅎㅘ,dnsehdghk
운명,ㅇㅜㄴㅁㅕㅇ,dnsaud
운반,ㅇㅜㄴㅂㅏㄴ,dnsqks
운영하다,ㅇㅜㄴㅇㅕㅇㅎㅏㄷㅏ,dnsdudgkek
운전,ㅇㅜㄴㅈㅓㄴ,dnswjs
운전기사,ㅇㅜㄴㅈㅓㄴㄱㅣㅅㅏ,dnswjsrltk
운전사,ㅇㅜㄴㅈㅓㄴㅅㅏ,dnswjstk
운전자,ㅇㅜㄴㅈㅓㄴㅈㅏ,dnswjswk
운전하다,ㅇㅜㄴㅈㅓㄴㅎㅏㄷㅏ,dnswjsgkek
운행,ㅇㅜㄴㅎㅐㅇ,dnsgod
울다,ㅇㅜㄹㄷㅏ,dnfek
울리다,ㅇㅜㄹㄹㅣㄷㅏ,dnfflek
울산,ㅇㅜㄹㅅㅏㄴ,dnftks
울음,ㅇㅜㄹㅇㅡㅁ,dnfdma
울음소리,ㅇㅜㄹㅇㅡㅁㅅㅗㄹㅣ,dnfdmathfl
움직이다,ㅇㅜㅁㅈㅣㄱㅇㅣㄷㅏ,dnawlrdlek
움직임,ㅇㅜㅁㅈㅣㄱㅇㅣㅁ,dnawlrdla
웃기다,ㅇㅜㅅㄱㅣㄷㅏ,dntrlek
웃다,ㅇㅜㅅㄷㅏ,dntek
웃어른,ㅇㅜㅅㅇㅓㄹㅡㄴ,dntdjfms
웃음,ㅇㅜㅅㅇㅡㅁ,dntdma
웃음소리,ㅇㅜㅅㅇㅡㅁㅅㅗㄹㅣ,dntdmathfl
워낙,ㅇㅝㄴㅏㄱ,dnjskr
원,ㅇㅝㄴ,dnjs
원12,ㅇㅝㄴ12,dnjs12
원고,ㅇㅝㄴㄱㅗ,dnjsrh
원래,ㅇㅝㄴㄹㅐ,dnjsfo
원서,ㅇㅝㄴㅅㅓ,dnjstj
원숭이,ㅇㅝㄴㅅㅜㅇㅇㅣ,dnjstnddl
원인,ㅇㅝㄴㅇㅣㄴ,dnjsdls
원장,ㅇㅝㄴㅈㅏㅇ,dnjswkd
원피스,ㅇㅝㄴㅍㅣㅅㅡ,dnjsvltm
원하다,ㅇㅝㄴㅎㅏㄷㅏ,dnjsgkek
월,ㅇㅝㄹ,dnjf
월급,ㅇㅝㄹㄱㅡㅂ,dnjfrmq
월드컵,ㅇㅝㄹㄷㅡㅋㅓㅂ,dnjfemzjq
월세,ㅇㅝㄹㅅㅔ,dnjftp
월요일,ㅇㅝㄹㅇㅛㅇㅣㄹ,dnjfdydlf
웨이터,ㅇㅞㅇㅣㅌㅓ,dnpdlxj
웬,ㅇㅞㄴ,dnps
웬만하다,ㅇㅞㄴㅁㅏㄴㅎㅏㄷㅏ,dnpsaksgkek
웬일,ㅇㅞㄴㅇㅣㄹ,dnpsdlf
위,ㅇㅟ,dnl
위기,ㅇㅟㄱㅣ,dnlrl
위대하다,ㅇㅟㄷㅐㅎㅏㄷㅏ,dnleogkek
위로,ㅇㅟㄹㅗ,dnlfh
위로하다,ㅇㅟㄹㅗㅎㅏㄷㅏ,dnlfhgkek
위반,ㅇㅟㅂㅏㄴ,dnlqks
위반하다,ㅇㅟㅂㅏㄴㅎㅏㄷㅏ,dnlqksgkek
위법,ㅇㅟㅂㅓㅂ,dnlqjq
위성,ㅇㅟㅅㅓㅇ,dnltjd
위아래,ㅇㅟㅇㅏㄹㅐ,dnldkfo
위원,ㅇㅟㅇㅝㄴ,dnldnjs
위원장,ㅇㅟㅇㅝㄴㅈㅏㅇ,dnldnjswkd
위주,ㅇㅟㅈㅜ,dnlwn
위쪽,ㅇㅟㅉㅗㄱ,dnlWhr
위층,ㅇㅟㅊㅡㅇ,dnlcmd
위치,ㅇㅟㅊㅣ,dnlcl
위치하다,ㅇㅟㅊㅣㅎㅏㄷㅏ,dnlclgkek
위하다,ㅇㅟㅎㅏㄷㅏ,dnlgkek
위험,ㅇㅟㅎㅓㅁ,dnlgja
위험성,ㅇㅟㅎㅓㅁㅅㅓㅇ,dnlgjatjd
위험하다,ㅇㅟㅎㅓㅁㅎㅏㄷㅏ,dnlgjagkek
위협,ㅇㅟㅎㅕㅂ,dnlguq
윗몸,ㅇㅟㅅㅁㅗㅁ,dnltaha
윗사람,ㅇㅟㅅㅅㅏㄹㅏㅁ,dnlttkfka
유교,ㅇㅠㄱㅛ,dbry
유난히,ㅇㅠㄴㅏㄴㅎㅣ,dbsksgl
유능하다,ㅇㅠㄴㅡㅇㅎㅏㄷㅏ,dbsmdgkek
유럽,ㅇㅠㄹㅓㅂ,dbfjq
유리창,ㅇㅠㄹㅣㅊㅏㅇ,dbflckd
유리하다,ㅇㅠㄹㅣㅎㅏㄷㅏ,dbflgkek
유머,ㅇㅠㅁㅓ,dbaj
유명,ㅇㅠㅁㅕㅇ,dbaud
유명하다,ㅇㅠㅁㅕㅇㅎㅏㄷㅏ,dbaudgkek
유물,ㅇㅠㅁㅜㄹ,dbanf
유발하다,ㅇㅠㅂㅏㄹㅎㅏㄷㅏ,dbqkfgkek
유사하다,ㅇㅠㅅㅏㅎㅏㄷㅏ,dbtkgkek
유산,ㅇㅠㅅㅏㄴ,dbtks
유월,ㅇㅠㅇㅝㄹ,dbdnjf
유의하다,ㅇㅠㅇㅢㅎㅏㄷㅏ,dbdmlgkek
유적,ㅇㅠㅈㅓㄱ,dbwjr
유적지,ㅇㅠㅈㅓㄱㅈㅣ,dbwjrwl
유지되다,ㅇㅠㅈㅣㄷㅚㄷㅏ,dbwlehlek
유지하다,ㅇㅠㅈㅣㅎㅏㄷㅏ,dbwlgkek
유치원,ㅇㅠㅊㅣㅇㅝㄴ,dbcldnjs
유학,ㅇㅠㅎㅏㄱ,dbgkr
유학생,ㅇㅠㅎㅏㄱㅅㅐㅇ,dbgkrtod
유행,ㅇㅠㅎㅐㅇ,dbgod
유행하다,ㅇㅠㅎㅐㅇㅎㅏㄷㅏ,dbgodgkek
유형,ㅇㅠㅎㅕㅇ,dbgud
육,ㅇㅠㄱ,dbr
육군,ㅇㅠㄱㄱㅜㄴ,dbrrns
육상,ㅇㅠㄱㅅㅏㅇ,dbrtkd
육십,ㅇㅠㄱㅅㅣㅂ,dbrtlq
육체,ㅇㅠㄱㅊㅔ,dbrcp
육체적,ㅇㅠㄱㅊㅔㅈㅓㄱ,dbrcpwjr
으레,ㅇㅡㄹㅔ,dmfp
으응,ㅇㅡㅇㅡㅇ,dmdmd
은,ㅇㅡㄴ,dms
은은하다,ㅇㅡㄴㅇㅡㄴㅎㅏㄷㅏ,dmsdmsgkek
은행,ㅇㅡㄴㅎㅐㅇ,dmsgod
은행나무,ㅇㅡㄴㅎㅐㅇㄴㅏㅁㅜ,dmsgodskan
음,ㅇㅡㅁ,dma
음력,ㅇㅡㅁㄹㅕㄱ,dmafur
음료,ㅇㅡㅁㄹㅛ,dmafy
음료수,ㅇㅡㅁㄹㅛㅅㅜ,dmafytn
음반,ㅇㅡㅁㅂㅏㄴ,dmaqks
음성,ㅇㅡㅁㅅㅓㅇ,dmatjd
음식,ㅇㅡㅁㅅㅣㄱ,dmatlr
음식물,ㅇㅡㅁㅅㅣㄱㅁㅜㄹ,dmatlranf
음식점,ㅇㅡㅁㅅㅣㄱㅈㅓㅁ,dmatlrwja
음악,ㅇㅡㅁㅇㅏㄱ,dmadkr
음악가,ㅇㅡㅁㅇㅏㄱㄱㅏ,dmadkrrk
음주,ㅇㅡㅁㅈㅜ,dmawn
응,ㅇㅡㅇ,dmd
응답하다,ㅇㅡㅇㄷㅏㅂㅎㅏㄷㅏ,dmdekqgkek
의견,ㅇㅢㄱㅕㄴ,dmlrus
의논,ㅇㅢㄴㅗㄴ,dmlshs
의논하다,ㅇㅢㄴㅗㄴㅎㅏㄷㅏ,dmlshsgkek
의도,ㅇㅢㄷㅗ,dmleh
의도적,ㅇㅢㄷㅗㅈㅓㄱ,dmlehwjr
의류,ㅇㅢㄹㅠ,dmlfb
의무,ㅇㅢㅁㅜ,dmlan
의문,ㅇㅢㅁㅜㄴ,dmlans
의미,ㅇㅢㅁㅣ,dmlal
의미하다,ㅇㅢㅁㅣㅎㅏㄷㅏ,dmlalgkek
의복,ㅇㅢㅂㅗㄱ,dmlqhr
의사,ㅇㅢㅅㅏ,dmltk
의사12,ㅇㅢㅅㅏ12,dmltk12
의식,ㅇㅢㅅㅣㄱ,dmltlr
의식하다,ㅇㅢㅅㅣㄱㅎㅏㄷㅏ,dmltlrgkek
의심,ㅇㅢㅅㅣㅁ,dmltla
의심하다,ㅇㅢㅅㅣㅁㅎㅏㄷㅏ,dmltlagkek
의외로,ㅇㅢㅇㅚㄹㅗ,dmldhlfh
의욕,ㅇㅢㅇㅛㄱ,dmldyr
의원,ㅇㅢㅇㅝㄴ,dmldnjs
의자,ㅇㅢㅈㅏ,dmlwk
의존하다,ㅇㅢㅈㅗㄴㅎㅏㄷㅏ,dmlwhsgkek
의지,ㅇㅢㅈㅣ,dmlwl
의지하다,ㅇㅢㅈㅣㅎㅏㄷㅏ,dmlwlgkek
의하다,ㅇㅢㅎㅏㄷㅏ,dmlgkek
의학,ㅇㅢㅎㅏㄱ,dmlgkr
이,ㅇㅣ,dl
이같이,ㅇㅣㄱㅏㅌㅇㅣ,dlrkxdl
이거,ㅇㅣㄱㅓ,dlrj
이것,ㅇㅣㄱㅓㅅ,dlrjt
이것저것,ㅇㅣㄱㅓㅅㅈㅓㄱㅓㅅ,dlrjtwjrjt
이곳,ㅇㅣㄱㅗㅅ,dlrht
이곳저곳,ㅇㅣㄱㅗㅅㅈㅓㄱㅗㅅ,dlrhtwjrht
이기다,ㅇㅣㄱㅣㄷㅏ,dlrlek
이끌다,ㅇㅣㄲㅡㄹㄷㅏ,dlRmfek
이날,ㅇㅣㄴㅏㄹ,dlskf
이내,ㅇㅣㄴㅐ,dlso
이념,ㅇㅣㄴㅕㅁ,dlsua
이놈,ㅇㅣㄴㅗㅁ,dlsha
이다음,ㅇㅣㄷㅏㅇㅡㅁ,dlekdma
이달,ㅇㅣㄷㅏㄹ,dlekf
이대로,ㅇㅣㄷㅐㄹㅗ,dleofh
이데올로기,ㅇㅣㄷㅔㅇㅗㄹㄹㅗㄱㅣ,dlepdhffhrl
이동,ㅇㅣㄷㅗㅇ,dlehd
이동하다,ㅇㅣㄷㅗㅇㅎㅏㄷㅏ,dlehdgkek
이따가,ㅇㅣㄸㅏㄱㅏ,dlEkrk
이따금,ㅇㅣㄸㅏㄱㅡㅁ,dlEkrma
이때,ㅇㅣㄸㅐ,dlEo
이래,ㅇㅣㄹㅐ,dlfo
이래서,ㅇㅣㄹㅐㅅㅓ,dlfotj
이러다,ㅇㅣㄹㅓㄷㅏ,dlfjek
이러하다,ㅇㅣㄹㅓㅎㅏㄷㅏ,dlfjgkek
이런,ㅇㅣㄹㅓㄴ,dlfjs
이런저런,ㅇㅣㄹㅓㄴㅈㅓㄹㅓㄴ,dlfjswjfjs
이렇게,ㅇㅣㄹㅓㅎㄱㅔ,dlfjgrp
이렇다,ㅇㅣㄹㅓㅎㄷㅏ,dlfjgek
이력서,ㅇㅣㄹㅕㄱㅅㅓ,dlfurtj
이론적,ㅇㅣㄹㅗㄴㅈㅓㄱ,dlfhswjr
이롭다,ㅇㅣㄹㅗㅂㄷㅏ,dlfhqek
이루다,ㅇㅣㄹㅜㄷㅏ,dlfnek
이루어지다,ㅇㅣㄹㅜㅇㅓㅈㅣㄷㅏ,dlfndjwlek
이룩하다,ㅇㅣㄹㅜㄱㅎㅏㄷㅏ,dlfnrgkek
이뤄지다,ㅇㅣㄹㅝㅈㅣㄷㅏ,dlfnjwlek
이르다,ㅇㅣㄹㅡㄷㅏ,dlfmek
이름,ㅇㅣㄹㅡㅁ,dlfma
이리,ㅇㅣㄹㅣ,dlfl
이리저리,ㅇㅣㄹㅣㅈㅓㄹㅣ,dlflwjfl
이마,ㅇㅣㅁㅏ,dlak
이모,ㅇㅣㅁㅗ,dlah
이미,ㅇㅣㅁㅣ,dlal
이미지,ㅇㅣㅁㅣㅈㅣ,dlalwl
이민,ㅇㅣㅁㅣㄴ,dlals
이발소,ㅇㅣㅂㅏㄹㅅㅗ,dlqkfth
이번,ㅇㅣㅂㅓㄴ,dlqjs
이별,ㅇㅣㅂㅕㄹ,dlquf
이분,ㅇㅣㅂㅜㄴ,dlqns
이불,ㅇㅣㅂㅜㄹ,dlqnf
이빨,ㅇㅣㅃㅏㄹ,dlQkf
이사장,ㅇㅣㅅㅏㅈㅏㅇ,dltkwkd
이사하다,ㅇㅣㅅㅏㅎㅏㄷㅏ,dltkgkek
이상,ㅇㅣㅅㅏㅇ,dltkd
이상적,ㅇㅣㅅㅏㅇㅈㅓㄱ,dltkdwjr
이상하다,ㅇㅣㅅㅏㅇㅎㅏㄷㅏ,dltkdgkek
이성,ㅇㅣㅅㅓㅇ,dltjd
이슬,ㅇㅣㅅㅡㄹ,dltmf
이십,ㅇㅣㅅㅣㅂ,dltlq
이야기,ㅇㅣㅇㅑㄱㅣ,dldirl
이야기하다,ㅇㅣㅇㅑㄱㅣㅎㅏㄷㅏ,dldirlgkek
이어,ㅇㅣㅇㅓ,dldj
이어서,ㅇㅣㅇㅓㅅㅓ,dldjtj
이어지다,ㅇㅣㅇㅓㅈㅣㄷㅏ,dldjwlek
이외,ㅇㅣㅇㅚ,dldhl
이용,ㅇㅣㅇㅛㅇ,dldyd
이용되다,ㅇㅣㅇㅛㅇㄷㅚㄷㅏ,dldydehlek
이용자,ㅇㅣㅇㅛㅇㅈㅏ,dldydwk
이용하다,ㅇㅣㅇㅛㅇㅎㅏㄷㅏ,dldydgkek
이웃,ㅇㅣㅇㅜㅅ,dldnt
이웃집,ㅇㅣㅇㅜㅅㅈㅣㅂ,dldntwlq
이월,ㅇㅣㅇㅝㄹ,dldnjf
이유,ㅇㅣㅇㅠ,dldb
이윽고,ㅇㅣㅇㅡㄱㄱㅗ,dldmrrh
이익,ㅇㅣㅇㅣㄱ,dldlr
이자,ㅇㅣㅈㅏ,dlwk
이전,ㅇㅣㅈㅓㄴ,dlwjs
이제,ㅇㅣㅈㅔ,dlwp
이제야,ㅇㅣㅈㅔㅇㅑ,dlwpdi
이중,ㅇㅣㅈㅜㅇ,dlwnd
이쪽,ㅇㅣㅉㅗㄱ,dlWhr
이튿날,ㅇㅣㅌㅡㄷㄴㅏㄹ,dlxmeskf
이틀,ㅇㅣㅌㅡㄹ,dlxmf
이하,ㅇㅣㅎㅏ,dlgk
이해,ㅇㅣㅎㅐ,dlgo
이해관계,ㅇㅣㅎㅐㄱㅘㄴㄱㅖ,dlgorhksrP
이해되다,ㅇㅣㅎㅐㄷㅚㄷㅏ,dlgoehlek
이해하다,ㅇㅣㅎㅐㅎㅏㄷㅏ,dlgogkek
이혼,ㅇㅣㅎㅗㄴ,dlghs
이혼하다,ㅇㅣㅎㅗㄴㅎㅏㄷㅏ,dlghsgkek
이후,ㅇㅣㅎㅜ,dlgn
익다,ㅇㅣㄱㄷㅏ,dlrek
익숙하다,ㅇㅣㄱㅅㅜㄱㅎㅏㄷㅏ,dlrtnrgkek
익숙해지다,ㅇㅣㄱㅅㅜㄱㅎㅐㅈㅣㄷㅏ,dlrtnrgowlek
익히다,ㅇㅣㄱㅎㅣㄷㅏ,dlrglek
인,ㅇㅣㄴ,dls
인간,ㅇㅣㄴㄱㅏㄴ,dlsrks
인간관계,ㅇㅣㄴㄱㅏㄴㄱㅘㄴㄱㅖ,dlsrksrhksrP
인간성,ㅇㅣㄴㄱㅏㄴㅅㅓㅇ,dlsrkstjd
인간적,ㅇㅣㄴㄱㅏㄴㅈㅓㄱ,dlsrkswjr
인격,ㅇㅣㄴㄱㅕㄱ,dlsrur
인공,ㅇㅣㄴㄱㅗㅇ,dlsrhd
인구,ㅇㅣㄴㄱㅜ,dlsrn
인근,ㅇㅣㄴㄱㅡㄴ,dlsrms
인기,ㅇㅣㄴㄱㅣ,dlsrl
인도,ㅇㅣㄴㄷㅗ,dlseh
인류,ㅇㅣㄴㄹㅠ,dlsfb
인물,ㅇㅣㄴㅁㅜㄹ,dlsanf
인분8,ㅇㅣㄴㅂㅜㄴ8,dlsqns8
인사,ㅇㅣㄴㅅㅏ,dlstk
인사말,ㅇㅣㄴㅅㅏㅁㅏㄹ,dlstkakf
인사하다,ㅇㅣㄴㅅㅏㅎㅏㄷㅏ,dlstkgkek
인삼,ㅇㅣㄴㅅㅏㅁ,dlstka
인삼차,ㅇㅣㄴㅅㅏㅁㅊㅏ,dlstkack
인상,ㅇㅣㄴㅅㅏㅇ,dlstkd
인상적,ㅇㅣㄴㅅㅏㅇㅈㅓㄱ,dlstkdwjr
인생,ㅇㅣㄴㅅㅐㅇ,dlstod
인쇄,ㅇㅣㄴㅅㅙ,dlstho
인식하다,ㅇㅣㄴㅅㅣㄱㅎㅏㄷㅏ,dlstlrgkek
인연,ㅇㅣㄴㅇㅕㄴ,dlsdus
인원,ㅇㅣㄴㅇㅝㄴ,dlsdnjs
인재,ㅇㅣㄴㅈㅐ,dlswo
인정되다,ㅇㅣㄴㅈㅓㅇㄷㅚㄷㅏ,dlswjdehlek
인정받다,ㅇㅣㄴㅈㅓㅇㅂㅏㄷㄷㅏ,dlswjdqkeek
인정하다,ㅇㅣㄴㅈㅓㅇㅎㅏㄷㅏ,dlswjdgkek
인제,ㅇㅣㄴㅈㅔ,dlswp
인종,ㅇㅣㄴㅈㅗㅇ,dlswhd
인천,ㅇㅣㄴㅊㅓㄴ,dlscjs
인천공항,ㅇㅣㄴㅊㅓㄴㄱㅗㅇㅎㅏㅇ,dlscjsrhdgkd
인체,ㅇㅣㄴㅊㅔ,dlscp
인터넷,ㅇㅣㄴㅌㅓㄴㅔㅅ,dlsxjspt
인터뷰,ㅇㅣㄴㅌㅓㅂㅠ,dlsxjqb
인하,ㅇㅣㄴㅎㅏ,dlsgk
인하다,ㅇㅣㄴㅎㅏㄷㅏ,dlsgkek
인형,ㅇㅣㄴㅎㅕㅇ,dlsgud
일,ㅇㅣㄹ,dlf
일곱,ㅇㅣㄹㄱㅗㅂ,dlfrhq
일단,ㅇㅣㄹㄷㅏㄴ,dlfeks
일대,ㅇㅣㄹㄷㅐ,dlfeo
일등,ㅇㅣㄹㄷㅡㅇ,dlfemd
일반,ㅇㅣㄹㅂㅏㄴ,dlfqks
일반인,ㅇㅣㄹㅂㅏㄴㅇㅣㄴ,dlfqksdls
일반적,ㅇㅣㄹㅂㅏㄴㅈㅓㄱ,dlfqkswjr
일본,ㅇㅣㄹㅂㅗㄴ,dlfqhs
일본어,ㅇㅣㄹㅂㅗㄴㅇㅓ,dlfqhsdj
일부,ㅇㅣㄹㅂㅜ,dlfqn
일부러,ㅇㅣㄹㅂㅜㄹㅓ,dlfqnfj
일상,ㅇㅣㄹㅅㅏㅇ,dlftkd
일상생활,ㅇㅣㄹㅅㅏㅇㅅㅐㅇㅎㅘㄹ,dlftkdtodghkf
일상적,ㅇㅣㄹㅅㅏㅇㅈㅓㄱ,dlftkdwjr
일생,ㅇㅣㄹㅅㅐㅇ,dlftod
일손,ㅇㅣㄹㅅㅗㄴ,dlfths
일시적,ㅇㅣㄹㅅㅣㅈㅓㄱ,dlftlwjr
일식,ㅇㅣㄹㅅㅣㄱ,dlftlr
일쑤,ㅇㅣㄹㅆㅜ,dlfTn
일어나다,ㅇㅣㄹㅇㅓㄴㅏㄷㅏ,dlfdjskek
일어서다,ㅇㅣㄹㅇㅓㅅㅓㄷㅏ,dlfdjtjek
일요일,ㅇㅣㄹㅇㅛㅇㅣㄹ,dlfdydlf
일월,ㅇㅣㄹㅇㅝㄹ,dlfdnjf
일으키다,ㅇㅣㄹㅇㅡㅋㅣㄷㅏ,dlfdmzlek
일일이,ㅇㅣㄹㅇㅣㄹㅇㅣ,dlfdlfdl
일자,ㅇㅣㄹㅈㅏ,dlfwk
일자리,ㅇㅣㄹㅈㅏㄹㅣ,dlfwkfl
일정,ㅇㅣㄹㅈㅓㅇ,dlfwjd
일정하다,ㅇㅣㄹㅈㅓㅇㅎㅏㄷㅏ,dlfwjdgkek
일종,ㅇㅣㄹㅈㅗㅇ,dlfwhd
일주일,ㅇㅣㄹㅈㅜㅇㅣㄹ,dlfwndlf
일찍,ㅇㅣㄹㅉㅣㄱ,dlfWlr
일찍이,ㅇㅣㄹㅉㅣㄱㅇㅣ,dlfWlrdl
일체,ㅇㅣㄹㅊㅔ,dlfcp
일치,ㅇㅣㄹㅊㅣ,dlfcl
일치하다,ㅇㅣㄹㅊㅣㅎㅏㄷㅏ,dlfclgkek
일하다,ㅇㅣㄹㅎㅏㄷㅏ,dlfgkek
일행,ㅇㅣㄹㅎㅐㅇ,dlfgod
일회용,ㅇㅣㄹㅎㅚㅇㅛㅇ,dlfghldyd
일회용품,ㅇㅣㄹㅎㅚㅇㅛㅇㅍㅜㅁ,dlfghldydvna
일흔,ㅇㅣㄹㅎㅡㄴ,dlfgms
읽다,ㅇㅣㄺㄷㅏ,dlfrek
읽히다,ㅇㅣㄺㅎㅣㄷㅏ,dlfrglek
잃다,ㅇㅣㅀㄷㅏ,dlfgek
잃어버리다,ㅇㅣㅀㅇㅓㅂㅓㄹㅣㄷㅏ,dlfgdjqjflek
임금,ㅇㅣㅁㄱㅡㅁ,dlarma
임무,ㅇㅣㅁㅁㅜ,dlaan
임시,ㅇㅣㅁㅅㅣ,dlatl
임신,ㅇㅣㅁㅅㅣㄴ,dlatls
임신부,ㅇㅣㅁㅅㅣㄴㅂㅜ,dlatlsqn
임신하다,ㅇㅣㅁㅅㅣㄴㅎㅏㄷㅏ,dlatlsgkek
입,ㅇㅣㅂ,dlq
입구,ㅇㅣㅂㄱㅜ,dlqrn
입국,ㅇㅣㅂㄱㅜㄱ,dlqrnr
입다,ㅇㅣㅂㄷㅏ,dlqek
입대,ㅇㅣㅂㄷㅐ,dlqeo
입력,ㅇㅣㅂㄹㅕㄱ,dlqfur
입력하다,ㅇㅣㅂㄹㅕㄱㅎㅏㄷㅏ,dlqfurgkek
입맛,ㅇㅣㅂㅁㅏㅅ,dlqakt
입사,ㅇㅣㅂㅅㅏ,dlqtk
입사하다,ㅇㅣㅂㅅㅏㅎㅏㄷㅏ,dlqtkgkek
입술,ㅇㅣㅂㅅㅜㄹ,dlqtnf
입시,ㅇㅣㅂㅅㅣ,dlqtl
입원,ㅇㅣㅂㅇㅝㄴ,dlqdnjs
입원하다,ㅇㅣㅂㅇㅝㄴㅎㅏㄷㅏ,dlqdnjsgkek
입장,ㅇㅣㅂㅈㅏㅇ,dlqwkd
입학,ㅇㅣㅂㅎㅏㄱ,dlqgkr
입학하다,ㅇㅣㅂㅎㅏㄱㅎㅏㄷㅏ,dlqgkrgkek
입히다,ㅇㅣㅂㅎㅣㄷㅏ,dlqglek
잇다,ㅇㅣㅅㄷㅏ,dltek
잇따르다,ㅇㅣㅅㄸㅏㄹㅡㄷㅏ,dltEkfmek
있다,ㅇㅣㅆㄷㅏ,dlTek
잊다,ㅇㅣㅈㄷㅏ,dlwek
잊어버리다,ㅇㅣㅈㅇㅓㅂㅓㄹㅣㄷㅏ,dlwdjqjflek
잊혀지다,ㅇㅣㅈㅎㅕㅈㅣㄷㅏ,dlwguwlek
잎,ㅇㅣㅍ,dlv
자,ㅈㅏ,wk
자가용,ㅈㅏㄱㅏㅇㅛㅇ,wkrkdyd
자격,ㅈㅏㄱㅕㄱ,wkrur
자격증,ㅈㅏㄱㅕㄱㅈㅡㅇ,wkrurwmd
자극,ㅈㅏㄱㅡㄱ,wkrmr
자극하다,ㅈㅏㄱㅡㄱㅎㅏㄷㅏ,wkrmrgkek
자기,ㅈㅏㄱㅣ,wkrl
자꾸,ㅈㅏㄲㅜ,wkRn
자꾸만,ㅈㅏㄲㅜㅁㅏㄴ,wkRnaks
자네,ㅈㅏㄴㅔ,wksp
자녀,ㅈㅏㄴㅕ,wksu
자다,ㅈㅏㄷㅏ,wkek
자동,ㅈㅏㄷㅗㅇ,wkehd
자동차,ㅈㅏㄷㅗㅇㅊㅏ,wkehdck
자라나다,ㅈㅏㄹㅏㄴㅏㄷㅏ,wkfkskek
자라다,ㅈㅏㄹㅏㄷㅏ,wkfkek
자랑,ㅈㅏㄹㅏㅇ,wkfkd
자랑스럽다,ㅈㅏㄹㅏㅇㅅㅡㄹㅓㅂㄷㅏ,wkfkdtmfjqek
자랑하다,ㅈㅏㄹㅏㅇㅎㅏㄷㅏ,wkfkdgkek
자료,ㅈㅏㄹㅛ,wkfy
자르다,ㅈㅏㄹㅡㄷㅏ,wkfmek
자리,ㅈㅏㄹㅣ,wkfl
자매,ㅈㅏㅁㅐ,wkao
자부심,ㅈㅏㅂㅜㅅㅣㅁ,wkqntla
자살,ㅈㅏㅅㅏㄹ,wktkf
자살하다,ㅈㅏㅅㅏㄹㅎㅏㄷㅏ,wktkfgkek
자세,ㅈㅏㅅㅔ,wktp
자세하다,ㅈㅏㅅㅔㅎㅏㄷㅏ,wktpgkek
자세히,ㅈㅏㅅㅔㅎㅣ,wktpgl
자식,ㅈㅏㅅㅣㄱ,wktlr
자신,ㅈㅏㅅㅣㄴ,wktls
자신감,ㅈㅏㅅㅣㄴㄱㅏㅁ,wktlsrka
자연,ㅈㅏㅇㅕㄴ,wkdus
자연스럽다,ㅈㅏㅇㅕㄴㅅㅡㄹㅓㅂㄷㅏ,wkdustmfjqek
자연적,ㅈㅏㅇㅕㄴㅈㅓㄱ,wkduswjr
자연현상,ㅈㅏㅇㅕㄴㅎㅕㄴㅅㅏㅇ,wkdusgustkd
자연환경,ㅈㅏㅇㅕㄴㅎㅘㄴㄱㅕㅇ,wkdusghksrud
자연히,ㅈㅏㅇㅕㄴㅎㅣ,wkdusgl
자원,ㅈㅏㅇㅝㄴ,wkdnjs
자유,ㅈㅏㅇㅠ,wkdb
자유롭다,ㅈㅏㅇㅠㄹㅗㅂㄷㅏ,wkdbfhqek
자율,ㅈㅏㅇㅠㄹ,wkdbf
자장면,ㅈㅏㅈㅏㅇㅁㅕㄴ,wkwkdaus
자전거,ㅈㅏㅈㅓㄴㄱㅓ,wkwjsrj
자정,ㅈㅏㅈㅓㅇ,wkwjd
자존심,ㅈㅏㅈㅗㄴㅅㅣㅁ,wkwhstla
자주,ㅈㅏㅈㅜ,wkwn
자체,ㅈㅏㅊㅔ,wkcp
자취,ㅈㅏㅊㅟ,wkcnl
자판,ㅈㅏㅍㅏㄴ,wkvks
자판기,ㅈㅏㅍㅏㄴㄱㅣ,wkvksrl
작가,ㅈㅏㄱㄱㅏ,wkrrk
작년,ㅈㅏㄱㄴㅕㄴ,wkrsus
작다,ㅈㅏㄱㄷㅏ,wkrek
작성,ㅈㅏㄱㅅㅓㅇ,wkrtjd
작성하다,ㅈㅏㄱㅅㅓㅇㅎㅏㄷㅏ,wkrtjdgkek
작아지다,ㅈㅏㄱㅇㅏㅈㅣㄷㅏ,wkrdkwlek
작업,ㅈㅏㄱㅇㅓㅂ,wkrdjq
작용,ㅈㅏㄱㅇㅛㅇ,wkrdyd
작용하다,ㅈㅏㄱㅇㅛㅇㅎㅏㄷㅏ,wkrdydgkek
작은딸,ㅈㅏㄱㅇㅡㄴㄸㅏㄹ,wkrdmsEkf
작은아들,ㅈㅏㄱㅇㅡㄴㅇㅏㄷㅡㄹ,wkrdmsdkemf
작은아버지,ㅈㅏㄱㅇㅡㄴㅇㅏㅂㅓㅈㅣ,wkrdmsdkqjwl
작은어머니,ㅈㅏㄱㅇㅡㄴㅇㅓㅁㅓㄴㅣ,wkrdmsdjajsl
작품,ㅈㅏㄱㅍㅜㅁ,wkrvna
잔,ㅈㅏㄴ,wks
잔디,ㅈㅏㄴㄷㅣ,wksel
잔디밭,ㅈㅏㄴㄷㅣㅂㅏㅌ,wkselqkx
잔뜩,ㅈㅏㄴㄸㅡㄱ,wksEmr
잔치,ㅈㅏㄴㅊㅣ,wkscl
잘,ㅈㅏㄹ,wkf
잘나다,ㅈㅏㄹㄴㅏㄷㅏ,wkfskek
잘되다,ㅈㅏㄹㄷㅚㄷㅏ,wkfehlek
잘리다,ㅈㅏㄹㄹㅣㄷㅏ,wkfflek
잘못,ㅈㅏㄹㅁㅗㅅ,wkfaht
잘못되다,ㅈㅏㄹㅁㅗㅅㄷㅚㄷㅏ,wkfahtehlek
잘못하다,ㅈㅏㄹㅁㅗㅅㅎㅏㄷㅏ,wkfahtgkek
잘살다,ㅈㅏㄹㅅㅏㄹㄷㅏ,wkftkfek
잘생기다,ㅈㅏㄹㅅㅐㅇㄱㅣㄷㅏ,wkftodrlek
잘하다,ㅈㅏㄹㅎㅏㄷㅏ,wkfgkek
잠,ㅈㅏㅁ,wka
잠그다,ㅈㅏㅁㄱㅡㄷㅏ,wkarmek
잠기다,ㅈㅏㅁㄱㅣㄷㅏ,wkarlek
잠깐,ㅈㅏㅁㄲㅏㄴ,wkaRks
잠들다,ㅈㅏㅁㄷㅡㄹㄷㅏ,wkaemfek
잠바,ㅈㅏㅁㅂㅏ,wkaqk
잠수함,ㅈㅏㅁㅅㅜㅎㅏㅁ,wkatngka
잠시,ㅈㅏㅁㅅㅣ,wkatl
잠옷,ㅈㅏㅁㅇㅗㅅ,wkadht
잠자다,ㅈㅏㅁㅈㅏㄷㅏ,wkawkek
잠자리,ㅈㅏㅁㅈㅏㄹㅣ,wkawkfl
잡다,ㅈㅏㅂㄷㅏ,wkqek
잡수다,ㅈㅏㅂㅅㅜㄷㅏ,wkqtnek
잡수시다,ㅈㅏㅂㅅㅜㅅㅣㄷㅏ,wkqtntlek
잡아당기다,ㅈㅏㅂㅇㅏㄷㅏㅇㄱㅣㄷㅏ,wkqdkekdrlek
잡아먹다,ㅈㅏㅂㅇㅏㅁㅓㄱㄷㅏ,wkqdkajrek
잡지,ㅈㅏㅂㅈㅣ,wkqwl
잡히다,ㅈㅏㅂㅎㅣㄷㅏ,wkqglek
장가,ㅈㅏㅇㄱㅏ,wkdrk
장갑,ㅈㅏㅇㄱㅏㅂ,wkdrkq
장관,ㅈㅏㅇㄱㅘㄴ,wkdrhks
장군,ㅈㅏㅇㄱㅜㄴ,wkdrns
장기간,ㅈㅏㅇㄱㅣㄱㅏㄴ,wkdrlrks
장기적,ㅈㅏㅇㄱㅣㅈㅓㄱ,wkdrlwjr
장난,ㅈㅏㅇㄴㅏㄴ,wkdsks
장난감,ㅈㅏㅇㄴㅏㄴㄱㅏㅁ,wkdsksrka
장남,ㅈㅏㅇㄴㅏㅁ,wkdska
장래,ㅈㅏㅇㄹㅐ,wkdfo
장례,ㅈㅏㅇㄹㅖ,wkdfP
장례식,ㅈㅏㅇㄹㅖㅅㅣㄱ,wkdfPtlr
장르,ㅈㅏㅇㄹㅡ,wkdfm
장마,ㅈㅏㅇㅁㅏ,wkdak
장면,ㅈㅏㅇㅁㅕㄴ,wkdaus
장모,ㅈㅏㅇㅁㅗ,wkdah
장모님,ㅈㅏㅇㅁㅗㄴㅣㅁ,wkdahsla
장미,ㅈㅏㅇㅁㅣ,wkdal
장비,ㅈㅏㅇㅂㅣ,wkdql
장사,ㅈㅏㅇㅅㅏ,wkdtk
장사꾼,ㅈㅏㅇㅅㅏㄲㅜㄴ,wkdtkRns
장소,ㅈㅏㅇㅅㅗ,wkdth
장수,ㅈㅏㅇㅅㅜ,wkdtn
장식,ㅈㅏㅇㅅㅣㄱ,wkdtlr
장애인,ㅈㅏㅇㅇㅐㅇㅣㄴ,wkddodls
장인,ㅈㅏㅇㅇㅣㄴ,wkddls
장점,ㅈㅏㅇㅈㅓㅁ,wkdwja
장차,ㅈㅏㅇㅊㅏ,wkdck
장학금,ㅈㅏㅇㅎㅏㄱㄱㅡㅁ,wkdgkrrma
잦다,ㅈㅏㅈㄷㅏ,wkwek
재능,ㅈㅐㄴㅡㅇ,wosmd
재다,ㅈㅐㄷㅏ,woek
재료,ㅈㅐㄹㅛ,wofy
재미,ㅈㅐㅁㅣ,woal
재미없다,ㅈㅐㅁㅣㅇㅓㅄㄷㅏ,woaldjqtek
재미있다,ㅈㅐㅁㅣㅇㅣㅆㄷㅏ,woaldlTek
재밌다,ㅈㅐㅁㅣㅆㄷㅏ,woalTek
재빨리,ㅈㅐㅃㅏㄹㄹㅣ,woQkffl
재산,ㅈㅐㅅㅏㄴ,wotks
재생,ㅈㅐㅅㅐㅇ,wotod
재수,ㅈㅐㅅㅜ,wotn
재우다,ㅈㅐㅇㅜㄷㅏ,wodnek
재작년,ㅈㅐㅈㅏㄱㄴㅕㄴ,wowkrsus
재정,ㅈㅐㅈㅓㅇ,wowjd
재주,ㅈㅐㅈㅜ,wown
재즈,ㅈㅐㅈㅡ,wowm
재채기,ㅈㅐㅊㅐㄱㅣ,wocorl
재판,ㅈㅐㅍㅏㄴ,wovks
재학,ㅈㅐㅎㅏㄱ,wogkr
재활용,ㅈㅐㅎㅘㄹㅇㅛㅇ,woghkfdyd
재활용품,ㅈㅐㅎㅘㄹㅇㅛㅇㅍㅜㅁ,woghkfdydvna
쟤,ㅈㅒ,wO
저,ㅈㅓ,wj
저거,ㅈㅓㄱㅓ,wjrj
저것,ㅈㅓㄱㅓㅅ,wjrjt
저고리,ㅈㅓㄱㅗㄹㅣ,wjrhfl
저곳,ㅈㅓㄱㅗㅅ,wjrht
저기,ㅈㅓㄱㅣ,wjrl
저녁,ㅈㅓㄴㅕㄱ,wjsur
저녁때,ㅈㅓㄴㅕㄱㄸㅐ,wjsurEo
저러다,ㅈㅓㄹㅓㄷㅏ,wjfjek
저런,ㅈㅓㄹㅓㄴ,wjfjs
저렇게,ㅈㅓㄹㅓㅎㄱㅔ,wjfjgrp
저렇다,ㅈㅓㄹㅓㅎㄷㅏ,wjfjgek
저리,ㅈㅓㄹㅣ,wjfl
저마다,ㅈㅓㅁㅏㄷㅏ,wjakek
저번,ㅈㅓㅂㅓㄴ,wjqjs
저울,ㅈㅓㅇㅜㄹ,wjdnf
저자,ㅈㅓㅈㅏ,wjwk
저절로,ㅈㅓㅈㅓㄹㄹㅗ,wjwjffh
저지르다,ㅈㅓㅈㅣㄹㅡㄷㅏ,wjwlfmek
저쪽,ㅈㅓㅉㅗㄱ,wjWhr
저축,ㅈㅓㅊㅜㄱ,wjcnr
저편,ㅈㅓㅍㅕㄴ,wjvus
저희,ㅈㅓㅎㅢ,wjgml
적,ㅈㅓㄱ,wjr
적극,ㅈㅓㄱㄱㅡㄱ,wjrrmr
적극적,ㅈㅓㄱㄱㅡㄱㅈㅓㄱ,wjrrmrwjr
적다,ㅈㅓㄱㄷㅏ,wjrek
적당하다,ㅈㅓㄱㄷㅏㅇㅎㅏㄷㅏ,wjrekdgkek
적당히,ㅈㅓㄱㄷㅏㅇㅎㅣ,wjrekdgl
적성,ㅈㅓㄱㅅㅓㅇ,wjrtjd
적어도,ㅈㅓㄱㅇㅓㄷㅗ,wjrdjeh
적어지다,ㅈㅓㄱㅇㅓㅈㅣㄷㅏ,wjrdjwlek
적용,ㅈㅓㄱㅇㅛㅇ,wjrdyd
적용되다,ㅈㅓㄱㅇㅛㅇㄷㅚㄷㅏ,wjrdydehlek
적용하다,ㅈㅓㄱㅇㅛㅇㅎㅏㄷㅏ,wjrdydgkek
적응,ㅈㅓㄱㅇㅡㅇ,wjrdmd
적응하다,ㅈㅓㄱㅇㅡㅇㅎㅏㄷㅏ,wjrdmdgkek
적절하다,ㅈㅓㄱㅈㅓㄹㅎㅏㄷㅏ,wjrwjfgkek
적합하다,ㅈㅓㄱㅎㅏㅂㅎㅏㄷㅏ,wjrgkqgkek
적히다,ㅈㅓㄱㅎㅣㄷㅏ,wjrglek
전,ㅈㅓㄴ,wjs
전개,ㅈㅓㄴㄱㅐ,wjsro
전개되다,ㅈㅓㄴㄱㅐㄷㅚㄷㅏ,wjsroehlek
전개하다,ㅈㅓㄴㄱㅐㅎㅏㄷㅏ,wjsrogkek
전공,ㅈㅓㄴㄱㅗㅇ,wjsrhd
전공하다,ㅈㅓㄴㄱㅗㅇㅎㅏㄷㅏ,wjsrhdgkek
전국,ㅈㅓㄴㄱㅜㄱ,wjsrnr
전국적,ㅈㅓㄴㄱㅜㄱㅈㅓㄱ,wjsrnrwjr
전기,ㅈㅓㄴㄱㅣ,wjsrl
전기밥솥,ㅈㅓㄴㄱㅣㅂㅏㅂㅅㅗㅌ,wjsrlqkqthx
전날,ㅈㅓㄴㄴㅏㄹ,wjsskf
전달,ㅈㅓㄴㄷㅏㄹ,wjsekf
전달되다,ㅈㅓㄴㄷㅏㄹㄷㅚㄷㅏ,wjsekfehlek
전달하다,ㅈㅓㄴㄷㅏㄹㅎㅏㄷㅏ,wjsekfgkek
전라도,ㅈㅓㄴㄹㅏㄷㅗ,wjsfkeh
전망,ㅈㅓㄴㅁㅏㅇ,wjsakd
전망하다,ㅈㅓㄴㅁㅏㅇㅎㅏㄷㅏ,wjsakdgkek
전문,ㅈㅓㄴㅁㅜㄴ,wjsans
전문가,ㅈㅓㄴㅁㅜㄴㄱㅏ,wjsansrk
전문적,ㅈㅓㄴㅁㅜㄴㅈㅓㄱ,wjsanswjr
전문점,ㅈㅓㄴㅁㅜㄴㅈㅓㅁ,wjsanswja
전문직,ㅈㅓㄴㅁㅜㄴㅈㅣㄱ,wjsanswlr
전반,ㅈㅓㄴㅂㅏㄴ,wjsqks
전반적,ㅈㅓㄴㅂㅏㄴㅈㅓㄱ,wjsqkswjr
전부,ㅈㅓㄴㅂㅜ,wjsqn
전선1,ㅈㅓㄴㅅㅓㄴ1,wjstjs1
전설,ㅈㅓㄴㅅㅓㄹ,wjstjf
전세,ㅈㅓㄴㅅㅔ,wjstp
전시,ㅈㅓㄴㅅㅣ,wjstl
전시되다,ㅈㅓㄴㅅㅣㄷㅚㄷㅏ,wjstlehlek
전시장,ㅈㅓㄴㅅㅣㅈㅏㅇ,wjstlwkd
전시하다,ㅈㅓㄴㅅㅣㅎㅏㄷㅏ,wjstlgkek
전시회,ㅈㅓㄴㅅㅣㅎㅚ,wjstlghl
전용,ㅈㅓㄴㅇㅛㅇ,wjsdyd
전자,ㅈㅓㄴㅈㅏ,wjswk
전쟁,ㅈㅓㄴㅈㅐㅇ,wjswod
전주,ㅈㅓㄴㅈㅜ,wjswn
전철,ㅈㅓㄴㅊㅓㄹ,wjscjf
전체,ㅈㅓㄴㅊㅔ,wjscp
전체적,ㅈㅓㄴㅊㅔㅈㅓㄱ,wjscpwjr
전통,ㅈㅓㄴㅌㅗㅇ,wjsxhd
전통문화,ㅈㅓㄴㅌㅗㅇㅁㅜㄴㅎㅘ,wjsxhdansghk
전통적,ㅈㅓㄴㅌㅗㅇㅈㅓㄱ,wjsxhdwjr
전하다,ㅈㅓㄴㅎㅏㄷㅏ,wjsgkek
전해지다,ㅈㅓㄴㅎㅐㅈㅣㄷㅏ,wjsgowlek
전혀,ㅈㅓㄴㅎㅕ,wjsgu
전화,ㅈㅓㄴㅎㅘ,wjsghk
전화기,ㅈㅓㄴㅎㅘㄱㅣ,wjsghkrl
전화번호,ㅈㅓㄴㅎㅘㅂㅓㄴㅎㅗ,wjsghkqjsgh
전화하다,ㅈㅓㄴㅎㅘㅎㅏㄷㅏ,wjsghkgkek
전환,ㅈㅓㄴㅎㅘㄴ,wjsghks
전환하다,ㅈㅓㄴㅎㅘㄴㅎㅏㄷㅏ,wjsghksgkek
전후,ㅈㅓㄴㅎㅜ,wjsgn
절,ㅈㅓㄹ,wjf
절대,ㅈㅓㄹㄷㅐ,wjfeo
절대로,ㅈㅓㄹㄷㅐㄹㅗ,wjfeofh
절대적,ㅈㅓㄹㄷㅐㅈㅓㄱ,wjfeowjr
절망,ㅈㅓㄹㅁㅏㅇ,wjfakd
절반,ㅈㅓㄹㅂㅏㄴ,wjfqks
절약,ㅈㅓㄹㅇㅑㄱ,wjfdir
절약하다,ㅈㅓㄹㅇㅑㄱㅎㅏㄷㅏ,wjfdirgkek
절차,ㅈㅓㄹㅊㅏ,wjfck
젊다,ㅈㅓㄻㄷㅏ,wjfaek
젊은이,ㅈㅓㄻㅇㅡㄴㅇㅣ,wjfadmsdl
젊음,ㅈㅓㄻㅇㅡㅁ,wjfadma
점검,ㅈㅓㅁㄱㅓㅁ,wjarja
점수,ㅈㅓㅁㅅㅜ,wjatn
점심,ㅈㅓㅁㅅㅣㅁ,wjatla
점심때,ㅈㅓㅁㅅㅣㅁㄸㅐ,wjatlaEo
점심시간,ㅈㅓㅁㅅㅣㅁㅅㅣㄱㅏㄴ,wjatlatlrks
점원,ㅈㅓㅁㅇㅝㄴ,wjadnjs
점잖다,ㅈㅓㅁㅈㅏㄶㄷㅏ,wjawksgek
점점,ㅈㅓㅁㅈㅓㅁ,wjawja
점차,ㅈㅓㅁㅊㅏ,wjack
접근,ㅈㅓㅂㄱㅡㄴ,wjqrms
접근하다,ㅈㅓㅂㄱㅡㄴㅎㅏㄷㅏ,wjqrmsgkek
접다,ㅈㅓㅂㄷㅏ,wjqek
접시,ㅈㅓㅂㅅㅣ,wjqtl
접촉,ㅈㅓㅂㅊㅗㄱ,wjqchr
접하다,ㅈㅓㅂㅎㅏㄷㅏ,wjqgkek
젓가락,ㅈㅓㅅㄱㅏㄹㅏㄱ,wjtrkfkr
젓다,ㅈㅓㅅㄷㅏ,wjtek
정2,ㅈㅓㅇ2,wjd2
정거장,ㅈㅓㅇㄱㅓㅈㅏㅇ,wjdrjwkd
정기,ㅈㅓㅇㄱㅣ,wjdrl
정기적,ㅈㅓㅇㄱㅣㅈㅓㄱ,wjdrlwjr
정답,ㅈㅓㅇㄷㅏㅂ,wjdekq
정당,ㅈㅓㅇㄷㅏㅇ,wjdekd
정류장,ㅈㅓㅇㄹㅠㅈㅏㅇ,wjdfbwkd
정리,ㅈㅓㅇㄹㅣ,wjdfl
정리되다,ㅈㅓㅇㄹㅣㄷㅚㄷㅏ,wjdflehlek
정리하다,ㅈㅓㅇㄹㅣㅎㅏㄷㅏ,wjdflgkek
정말,ㅈㅓㅇㅁㅏㄹ,wjdakf
정말로,ㅈㅓㅇㅁㅏㄹㄹㅗ,wjdakffh
정면,ㅈㅓㅇㅁㅕㄴ,wjdaus
정문,ㅈㅓㅇㅁㅜㄴ,wjdans
정반대,ㅈㅓㅇㅂㅏㄴㄷㅐ,wjdqkseo
정보,ㅈㅓㅇㅂㅗ,wjdqh
정보화,ㅈㅓㅇㅂㅗㅎㅘ,wjdqhghk
정부,ㅈㅓㅇㅂㅜ,wjdqn
정비,ㅈㅓㅇㅂㅣ,wjdql
정상,ㅈㅓㅇㅅㅏㅇ,wjdtkd
정상적,ㅈㅓㅇㅅㅏㅇㅈㅓㄱ,wjdtkdwjr
정식,ㅈㅓㅇㅅㅣㄱ,wjdtlr
정신과,ㅈㅓㅇㅅㅣㄴㄱㅘ,wjdtlsrhk
정신없이,ㅈㅓㅇㅅㅣㄴㅇㅓㅄㅇㅣ,wjdtlsdjqtdl
정신적,ㅈㅓㅇㅅㅣㄴㅈㅓㄱ,wjdtlswjr
정오,ㅈㅓㅇㅇㅗ,wjddh
정원,ㅈㅓㅇㅇㅝㄴ,wjddnjs
정장,ㅈㅓㅇㅈㅏㅇ,wjdwkd
정지,ㅈㅓㅇㅈㅣ,wjdwl
정직하다,ㅈㅓㅇㅈㅣㄱㅎㅏㄷㅏ,wjdwlrgkek
정치,ㅈㅓㅇㅊㅣ,wjdcl
정치권,ㅈㅓㅇㅊㅣㄱㅝㄴ,wjdclrnjs
정치인,ㅈㅓㅇㅊㅣㅇㅣㄴ,wjdcldls
정치적,ㅈㅓㅇㅊㅣㅈㅓㄱ,wjdclwjr
정치학,ㅈㅓㅇㅊㅣㅎㅏㄱ,wjdclgkr
정하다,ㅈㅓㅇㅎㅏㄷㅏ,wjdgkek
정해지다,ㅈㅓㅇㅎㅐㅈㅣㄷㅏ,wjdgowlek
정확하다,ㅈㅓㅇㅎㅘㄱㅎㅏㄷㅏ,wjdghkrgkek
정확히,ㅈㅓㅇㅎㅘㄱㅎㅣ,wjdghkrgl
젖,ㅈㅓㅈ,wjw
젖다,ㅈㅓㅈㄷㅏ,wjwek
제거하다,ㅈㅔㄱㅓㅎㅏㄷㅏ,wprjgkek
제공,ㅈㅔㄱㅗㅇ,wprhd
제공하다,ㅈㅔㄱㅗㅇㅎㅏㄷㅏ,wprhdgkek
제과점,ㅈㅔㄱㅘㅈㅓㅁ,wprhkwja
제대로,ㅈㅔㄷㅐㄹㅗ,wpeofh
제대하다,ㅈㅔㄷㅐㅎㅏㄷㅏ,wpeogkek
제도적,ㅈㅔㄷㅗㅈㅓㄱ,wpehwjr
제목,ㅈㅔㅁㅗㄱ,wpahr
제발,ㅈㅔㅂㅏㄹ,wpqkf
제법,ㅈㅔㅂㅓㅂ,wpqjq
제비,ㅈㅔㅂㅣ,wpql
제사,ㅈㅔㅅㅏ,wptk
제삿날,ㅈㅔㅅㅏㅅㄴㅏㄹ,wptktskf
제시,ㅈㅔㅅㅣ,wptl
제시되다,ㅈㅔㅅㅣㄷㅚㄷㅏ,wptlehlek
제시하다,ㅈㅔㅅㅣㅎㅏㄷㅏ,wptlgkek
제안,ㅈㅔㅇㅏㄴ,wpdks
제안하다,ㅈㅔㅇㅏㄴㅎㅏㄷㅏ,wpdksgkek
제약,ㅈㅔㅇㅑㄱ,wpdir
제외되다,ㅈㅔㅇㅚㄷㅚㄷㅏ,wpdhlehlek
제외하다,ㅈㅔㅇㅚㅎㅏㄷㅏ,wpdhlgkek
제의,ㅈㅔㅇㅢ,wpdml
제의하다,ㅈㅔㅇㅢㅎㅏㄷㅏ,wpdmlgkek
제일,ㅈㅔㅇㅣㄹ,wpdlf
제자,ㅈㅔㅈㅏ,wpwk
제자리,ㅈㅔㅈㅏㄹㅣ,wpwkfl
제작,ㅈㅔㅈㅏㄱ,wpwkr
제작하다,ㅈㅔㅈㅏㄱㅎㅏㄷㅏ,wpwkrgkek
제주도,ㅈㅔㅈㅜㄷㅗ,wpwneh
제출,ㅈㅔㅊㅜㄹ,wpcnf
제출하다,ㅈㅔㅊㅜㄹㅎㅏㄷㅏ,wpcnfgkek
제품,ㅈㅔㅍㅜㅁ,wpvna
제한,ㅈㅔㅎㅏㄴ,wpgks
제한되다,ㅈㅔㅎㅏㄴㄷㅚㄷㅏ,wpgksehlek
제한하다,ㅈㅔㅎㅏㄴㅎㅏㄷㅏ,wpgksgkek
조각,ㅈㅗㄱㅏㄱ,whrkr
조개,ㅈㅗㄱㅐ,whro
조건,ㅈㅗㄱㅓㄴ,whrjs
조그마하다,ㅈㅗㄱㅡㅁㅏㅎㅏㄷㅏ,whrmakgkek
조그맣다,ㅈㅗㄱㅡㅁㅏㅎㄷㅏ,whrmakgek
조금,ㅈㅗㄱㅡㅁ,whrma
조금씩,ㅈㅗㄱㅡㅁㅆㅣㄱ,whrmaTlr
조기,ㅈㅗㄱㅣ,whrl
조깅,ㅈㅗㄱㅣㅇ,whrld
조르다,ㅈㅗㄹㅡㄷㅏ,whfmek
조명,ㅈㅗㅁㅕㅇ,whaud
조미료,ㅈㅗㅁㅣㄹㅛ,whalfy
조상,ㅈㅗㅅㅏㅇ,whtkd
조선,ㅈㅗㅅㅓㄴ,whtjs
조심스럽다,ㅈㅗㅅㅣㅁㅅㅡㄹㅓㅂㄷㅏ,whtlatmfjqek
조심하다,ㅈㅗㅅㅣㅁㅎㅏㄷㅏ,whtlagkek
조용하다,ㅈㅗㅇㅛㅇㅎㅏㄷㅏ,whdydgkek
조용히,ㅈㅗㅇㅛㅇㅎㅣ,whdydgl
조절,ㅈㅗㅈㅓㄹ,whwjf
조절하다,ㅈㅗㅈㅓㄹㅎㅏㄷㅏ,whwjfgkek
조정,ㅈㅗㅈㅓㅇ,whwjd
조정하다,ㅈㅗㅈㅓㅇㅎㅏㄷㅏ,whwjdgkek
조직,ㅈㅗㅈㅣㄱ,whwlr
조카,ㅈㅗㅋㅏ,whzk
조화되다,ㅈㅗㅎㅘㄷㅚㄷㅏ,whghkehlek
존경하다,ㅈㅗㄴㄱㅕㅇㅎㅏㄷㅏ,whsrudgkek
존댓말,ㅈㅗㄴㄷㅐㅅㅁㅏㄹ,whseotakf
존재,ㅈㅗㄴㅈㅐ,whswo
존재하다,ㅈㅗㄴㅈㅐㅎㅏㄷㅏ,whswogkek
존중하다,ㅈㅗㄴㅈㅜㅇㅎㅏㄷㅏ,whswndgkek
졸다,ㅈㅗㄹㄷㅏ,whfek
졸리다,ㅈㅗㄹㄹㅣㄷㅏ,whfflek
졸업,ㅈㅗㄹㅇㅓㅂ,whfdjq
졸업생,ㅈㅗㄹㅇㅓㅂㅅㅐㅇ,whfdjqtod
졸업하다,ㅈㅗㄹㅇㅓㅂㅎㅏㄷㅏ,whfdjqgkek
졸음,ㅈㅗㄹㅇㅡㅁ,whfdma
좀,ㅈㅗㅁ,wha
좁다,ㅈㅗㅂㄷㅏ,whqek
좁히다,ㅈㅗㅂㅎㅣㄷㅏ,whqglek
종,ㅈㅗㅇ,whd
종교,ㅈㅗㅇㄱㅛ,whdry
종교적,ㅈㅗㅇㄱㅛㅈㅓㄱ,whdrywjr
종로,ㅈㅗㅇㄹㅗ,whdfh
종류,ㅈㅗㅇㄹㅠ,whdfb
종소리,ㅈㅗㅇㅅㅗㄹㅣ,whdthfl
종업원,ㅈㅗㅇㅇㅓㅂㅇㅝㄴ,whddjqdnjs
종이,ㅈㅗㅇㅇㅣ,whddl
종이컵,ㅈㅗㅇㅇㅣㅋㅓㅂ,whddlzjq
종일,ㅈㅗㅇㅇㅣㄹ,whddlf
종종,ㅈㅗㅇㅈㅗㅇ,whdwhd
종합,ㅈㅗㅇㅎㅏㅂ,whdgkq
종합하다,ㅈㅗㅇㅎㅏㅂㅎㅏㄷㅏ,whdgkqgkek
좋다,ㅈㅗㅎㄷㅏ,whgek
좋아,ㅈㅗㅎㅇㅏ,whgdk
좋아지다,ㅈㅗㅎㅇㅏㅈㅣㄷㅏ,whgdkwlek
좋아하다,ㅈㅗㅎㅇㅏㅎㅏㄷㅏ,whgdkgkek
좌석,ㅈㅘㅅㅓㄱ,whktjr
좌우,ㅈㅘㅇㅜ,whkdn
죄,ㅈㅚ,whl
죄송하다,ㅈㅚㅅㅗㅇㅎㅏㄷㅏ,whlthdgkek
죄인,ㅈㅚㅇㅣㄴ,whldls
주,ㅈㅜ,wn
주거,ㅈㅜㄱㅓ,wnrj
주고받다,ㅈㅜㄱㅗㅂㅏㄷㄷㅏ,wnrhqkeek
주관적,ㅈㅜㄱㅘㄴㅈㅓㄱ,wnrhkswjr
주년,ㅈㅜㄴㅕㄴ,wnsus
주다,ㅈㅜㄷㅏ,wnek
주로,ㅈㅜㄹㅗ,wnfh
주름,ㅈㅜㄹㅡㅁ,wnfma
주름살,ㅈㅜㄹㅡㅁㅅㅏㄹ,wnfmatkf
주말,ㅈㅜㅁㅏㄹ,wnakf
주머니,ㅈㅜㅁㅓㄴㅣ,wnajsl
주먹,ㅈㅜㅁㅓㄱ,wnajr
주무시다,ㅈㅜㅁㅜㅅㅣㄷㅏ,wnantlek
주문,ㅈㅜㅁㅜㄴ,wnans
주문하다,ㅈㅜㅁㅜㄴㅎㅏㄷㅏ,wnansgkek
주민,ㅈㅜㅁㅣㄴ,wnals
주방,ㅈㅜㅂㅏㅇ,wnqkd
주변,ㅈㅜㅂㅕㄴ,wnqus
주부,ㅈㅜㅂㅜ,wnqn
주소,ㅈㅜㅅㅗ,wnth
주스,ㅈㅜㅅㅡ,wntm
주식,ㅈㅜㅅㅣㄱ,wntlr
주어지다,ㅈㅜㅇㅓㅈㅣㄷㅏ,wndjwlek
주요,ㅈㅜㅇㅛ,wndy
주요하다,ㅈㅜㅇㅛㅎㅏㄷㅏ,wndygkek
주위,ㅈㅜㅇㅟ,wndnl
주의,ㅈㅜㅇㅢ,wndml
주의하다,ㅈㅜㅇㅢㅎㅏㄷㅏ,wndmlgkek
주인,ㅈㅜㅇㅣㄴ,wndls
주인공,ㅈㅜㅇㅣㄴㄱㅗㅇ,wndlsrhd
주일,ㅈㅜㅇㅣㄹ,wndlf
주장,ㅈㅜㅈㅏㅇ,wnwkd
주장하다,ㅈㅜㅈㅏㅇㅎㅏㄷㅏ,wnwkdgkek
주저앉다,ㅈㅜㅈㅓㅇㅏㄵㄷㅏ,wnwjdkswek
주전자,ㅈㅜㅈㅓㄴㅈㅏ,wnwjswk
주제,ㅈㅜㅈㅔ,wnwp
주차,ㅈㅜㅊㅏ,wnck
주차장,ㅈㅜㅊㅏㅈㅏㅇ,wnckwkd
주차하다,ㅈㅜㅊㅏㅎㅏㄷㅏ,wnckgkek
주택,ㅈㅜㅌㅐㄱ,wnxor
주한,ㅈㅜㅎㅏㄴ,wngks
죽,ㅈㅜㄱ,wnr
죽다,ㅈㅜㄱㄷㅏ,wnrek
죽음,ㅈㅜㄱㅇㅡㅁ,wnrdma
죽이다,ㅈㅜㄱㅇㅣㄷㅏ,wnrdlek
준비,ㅈㅜㄴㅂㅣ,wnsql
준비되다,ㅈㅜㄴㅂㅣㄷㅚㄷㅏ,wnsqlehlek
준비물,ㅈㅜㄴㅂㅣㅁㅜㄹ,wnsqlanf
준비하다,ㅈㅜㄴㅂㅣㅎㅏㄷㅏ,wnsqlgkek
줄,ㅈㅜㄹ,wnf
줄거리,ㅈㅜㄹㄱㅓㄹㅣ,wnfrjfl
줄곧,ㅈㅜㄹㄱㅗㄷ,wnfrhe
줄기,ㅈㅜㄹㄱㅣ,wnfrl
줄다,ㅈㅜㄹㄷㅏ,wnfek
줄무늬,ㅈㅜㄹㅁㅜㄴㅢ,wnfansml
줄어들다,ㅈㅜㄹㅇㅓㄷㅡㄹㄷㅏ,wnfdjemfek
줄이다,ㅈㅜㄹㅇㅣㄷㅏ,wnfdlek
줍다,ㅈㅜㅂㄷㅏ,wnqek
중,ㅈㅜㅇ,wnd
중간,ㅈㅜㅇㄱㅏㄴ,wndrks
중계방송,ㅈㅜㅇㄱㅖㅂㅏㅇㅅㅗㅇ,wndrPqkdthd
중국,ㅈㅜㅇㄱㅜㄱ,wndrnr
중국어,ㅈㅜㅇㄱㅜㄱㅇㅓ,wndrnrdj
중국집,ㅈㅜㅇㄱㅜㄱㅈㅣㅂ,wndrnrwlq
중년,ㅈㅜㅇㄴㅕㄴ,wndsus
중단,ㅈㅜㅇㄷㅏㄴ,wndeks
중단되다,ㅈㅜㅇㄷㅏㄴㄷㅚㄷㅏ,wndeksehlek
중단하다,ㅈㅜㅇㄷㅏㄴㅎㅏㄷㅏ,wndeksgkek
중대하다,ㅈㅜㅇㄷㅐㅎㅏㄷㅏ,wndeogkek
중독,ㅈㅜㅇㄷㅗㄱ,wndehr
중반,ㅈㅜㅇㅂㅏㄴ,wndqks
중부,ㅈㅜㅇㅂㅜ,wndqn
중세,ㅈㅜㅇㅅㅔ,wndtp
중소기업,ㅈㅜㅇㅅㅗㄱㅣㅇㅓㅂ,wndthrldjq
중순,ㅈㅜㅇㅅㅜㄴ,wndtns
중심,ㅈㅜㅇㅅㅣㅁ,wndtla
중심지,ㅈㅜㅇㅅㅣㅁㅈㅣ,wndtlawl
중앙,ㅈㅜㅇㅇㅏㅇ,wnddkd
중얼거리다,ㅈㅜㅇㅇㅓㄹㄱㅓㄹㅣㄷㅏ,wnddjfrjflek
중요,ㅈㅜㅇㅇㅛ,wnddy
중요성,ㅈㅜㅇㅇㅛㅅㅓㅇ,wnddytjd
중요시하다,ㅈㅜㅇㅇㅛㅅㅣㅎㅏㄷㅏ,wnddytlgkek
중요하다,ㅈㅜㅇㅇㅛㅎㅏㄷㅏ,wnddygkek
중학교,ㅈㅜㅇㅎㅏㄱㄱㅛ,wndgkrry
중학생,ㅈㅜㅇㅎㅏㄱㅅㅐㅇ,wndgkrtod
쥐,ㅈㅟ,wnl
쥐다,ㅈㅟㄷㅏ,wnlek
즉,ㅈㅡㄱ,wmr
즉석,ㅈㅡㄱㅅㅓㄱ,wmrtjr
즉시,ㅈㅡㄱㅅㅣ,wmrtl
즐거움,ㅈㅡㄹㄱㅓㅇㅜㅁ,wmfrjdna
즐거워하다,ㅈㅡㄹㄱㅓㅇㅝㅎㅏㄷㅏ,wmfrjdnjgkek
즐겁다,ㅈㅡㄹㄱㅓㅂㄷㅏ,wmfrjqek
즐기다,ㅈㅡㄹㄱㅣㄷㅏ,wmfrlek
증가,ㅈㅡㅇㄱㅏ,wmdrk
증가하다,ㅈㅡㅇㄱㅏㅎㅏㄷㅏ,wmdrkgkek
증거,ㅈㅡㅇㄱㅓ,wmdrj
증권,ㅈㅡㅇㄱㅝㄴ,wmdrnjs
증권사,ㅈㅡㅇㄱㅝㄴㅅㅏ,wmdrnjstk
증명하다,ㅈㅡㅇㅁㅕㅇㅎㅏㄷㅏ,wmdaudgkek
증상,ㅈㅡㅇㅅㅏㅇ,wmdtkd
증세,ㅈㅡㅇㅅㅔ,wmdtp
지,ㅈㅣ,wl
지각,ㅈㅣㄱㅏㄱ,wlrkr
지갑,ㅈㅣㄱㅏㅂ,wlrkq
지겹다,ㅈㅣㄱㅕㅂㄷㅏ,wlruqek
지경,ㅈㅣㄱㅕㅇ,wlrud
지구,ㅈㅣㄱㅜ,wlrn
지극히,ㅈㅣㄱㅡㄱㅎㅣ,wlrmrgl
지금,ㅈㅣㄱㅡㅁ,wlrma
지금껏,ㅈㅣㄱㅡㅁㄲㅓㅅ,wlrmaRjt
지급,ㅈㅣㄱㅡㅂ,wlrmq
지급하다,ㅈㅣㄱㅡㅂㅎㅏㄷㅏ,wlrmqgkek
지나가다,ㅈㅣㄴㅏㄱㅏㄷㅏ,wlskrkek
지나다,ㅈㅣㄴㅏㄷㅏ,wlskek
지나치다,ㅈㅣㄴㅏㅊㅣㄷㅏ,wlskclek
지난날,ㅈㅣㄴㅏㄴㄴㅏㄹ,wlsksskf
지난달,ㅈㅣㄴㅏㄴㄷㅏㄹ,wlsksekf
지난번,ㅈㅣㄴㅏㄴㅂㅓㄴ,wlsksqjs
지난주,ㅈㅣㄴㅏㄴㅈㅜ,wlskswn
지난해,ㅈㅣㄴㅏㄴㅎㅐ,wlsksgo
지내다,ㅈㅣㄴㅐㄷㅏ,wlsoek
지능,ㅈㅣㄴㅡㅇ,wlsmd
지니다,ㅈㅣㄴㅣㄷㅏ,wlslek
지다,ㅈㅣㄷㅏ,wlek
지대,ㅈㅣㄷㅐ,wleo
지도,ㅈㅣㄷㅗ,wleh
지도자,ㅈㅣㄷㅗㅈㅏ,wlehwk
지도하다,ㅈㅣㄷㅗㅎㅏㄷㅏ,wlehgkek
지루하다,ㅈㅣㄹㅜㅎㅏㄷㅏ,wlfngkek
지르다,ㅈㅣㄹㅡㄷㅏ,wlfmek
지름길,ㅈㅣㄹㅡㅁㄱㅣㄹ,wlfmarlf
지리산,ㅈㅣㄹㅣㅅㅏㄴ,wlfltks
지방,ㅈㅣㅂㅏㅇ,wlqkd
지배하다,ㅈㅣㅂㅐㅎㅏㄷㅏ,wlqogkek
지불하다,ㅈㅣㅂㅜㄹㅎㅏㄷㅏ,wlqnfgkek
지붕,ㅈㅣㅂㅜㅇ,wlqnd
지속되다,ㅈㅣㅅㅗㄱㄷㅚㄷㅏ,wlthrehlek
지속적,ㅈㅣㅅㅗㄱㅈㅓㄱ,wlthrwjr
지시,ㅈㅣㅅㅣ,wltl
지시하다,ㅈㅣㅅㅣㅎㅏㄷㅏ,wltlgkek
지식,ㅈㅣㅅㅣㄱ,wltlr
지식인,ㅈㅣㅅㅣㄱㅇㅣㄴ,wltlrdls
지역,ㅈㅣㅇㅕㄱ,wldur
지우개,ㅈㅣㅇㅜㄱㅐ,wldnro
지우다,ㅈㅣㅇㅜㄷㅏ,wldnek
지워지다,ㅈㅣㅇㅝㅈㅣㄷㅏ,wldnjwlek
지원,ㅈㅣㅇㅝㄴ,wldnjs
지원하다,ㅈㅣㅇㅝㄴㅎㅏㄷㅏ,wldnjsgkek
지위,ㅈㅣㅇㅟ,wldnl
지저분하다,ㅈㅣㅈㅓㅂㅜㄴㅎㅏㄷㅏ,wlwjqnsgkek
지적,ㅈㅣㅈㅓㄱ,wlwjr
지적되다,ㅈㅣㅈㅓㄱㄷㅚㄷㅏ,wlwjrehlek
지적하다,ㅈㅣㅈㅓㄱㅎㅏㄷㅏ,wlwjrgkek
지점,ㅈㅣㅈㅓㅁ,wlwja
지지,ㅈㅣㅈㅣ,wlwl
지진,ㅈㅣㅈㅣㄴ,wlwls
지출,ㅈㅣㅊㅜㄹ,wlcnf
지치다,ㅈㅣㅊㅣㄷㅏ,wlclek
지켜보다,ㅈㅣㅋㅕㅂㅗㄷㅏ,wlzuqhek
지키다,ㅈㅣㅋㅣㄷㅏ,wlzlek
지폐,ㅈㅣㅍㅖ,wlvP
지하,ㅈㅣㅎㅏ,wlgk
지하도,ㅈㅣㅎㅏㄷㅗ,wlgkeh
지하철,ㅈㅣㅎㅏㅊㅓㄹ,wlgkcjf
지혜,ㅈㅣㅎㅖ,wlgP
직선,ㅈㅣㄱㅅㅓㄴ,wlrtjs
직업,ㅈㅣㄱㅇㅓㅂ,wlrdjq
직원,ㅈㅣㄱㅇㅝㄴ,wlrdnjs
직장,ㅈㅣㄱㅈㅏㅇ,wlrwkd
직장인,ㅈㅣㄱㅈㅏㅇㅇㅣㄴ,wlrwkddls
직전,ㅈㅣㄱㅈㅓㄴ,wlrwjs
직접,ㅈㅣㄱㅈㅓㅂ,wlrwjq
직접적,ㅈㅣㄱㅈㅓㅂㅈㅓㄱ,wlrwjqwjr
직후,ㅈㅣㄱㅎㅜ,wlrgn
진급,ㅈㅣㄴㄱㅡㅂ,wlsrmq
진단,ㅈㅣㄴㄷㅏㄴ,wlseks
진단하다,ㅈㅣㄴㄷㅏㄴㅎㅏㄷㅏ,wlseksgkek
진달래,ㅈㅣㄴㄷㅏㄹㄹㅐ,wlsekffo
진동,ㅈㅣㄴㄷㅗㅇ,wlsehd
진로,ㅈㅣㄴㄹㅗ,wlsfh
진료,ㅈㅣㄴㄹㅛ,wlsfy
진리,ㅈㅣㄴㄹㅣ,wlsfl
진실,ㅈㅣㄴㅅㅣㄹ,wlstlf
진실로,ㅈㅣㄴㅅㅣㄹㄹㅗ,wlstlffh
진실하다,ㅈㅣㄴㅅㅣㄹㅎㅏㄷㅏ,wlstlfgkek
진심,ㅈㅣㄴㅅㅣㅁ,wlstla
진지하다,ㅈㅣㄴㅈㅣㅎㅏㄷㅏ,wlswlgkek
진짜,ㅈㅣㄴㅉㅏ,wlsWk
진찰,ㅈㅣㄴㅊㅏㄹ,wlsckf
진출,ㅈㅣㄴㅊㅜㄹ,wlscnf
진출하다,ㅈㅣㄴㅊㅜㄹㅎㅏㄷㅏ,wlscnfgkek
진통,ㅈㅣㄴㅌㅗㅇ,wlsxhd
진하다,ㅈㅣㄴㅎㅏㄷㅏ,wlsgkek
진행,ㅈㅣㄴㅎㅐㅇ,wlsgod
진행되다,ㅈㅣㄴㅎㅐㅇㄷㅚㄷㅏ,wlsgodehlek
진행자,ㅈㅣㄴㅎㅐㅇㅈㅏ,wlsgodwk
진행하다,ㅈㅣㄴㅎㅐㅇㅎㅏㄷㅏ,wlsgodgkek
질,ㅈㅣㄹ,wlf
질문,ㅈㅣㄹㅁㅜㄴ,wlfans
질문하다,ㅈㅣㄹㅁㅜㄴㅎㅏㄷㅏ,wlfansgkek
질병,ㅈㅣㄹㅂㅕㅇ,wlfqud
질서,ㅈㅣㄹㅅㅓ,wlftj
질적,ㅈㅣㄹㅈㅓㄱ,wlfwjr
짐,ㅈㅣㅁ,wla
짐작,ㅈㅣㅁㅈㅏㄱ,wlawkr
짐작하다,ㅈㅣㅁㅈㅏㄱㅎㅏㄷㅏ,wlawkrgkek
집,ㅈㅣㅂ,wlq
집다,ㅈㅣㅂㄷㅏ,wlqek
집단,ㅈㅣㅂㄷㅏㄴ,wlqeks
집단적,ㅈㅣㅂㄷㅏㄴㅈㅓㄱ,wlqekswjr
집안,ㅈㅣㅂㅇㅏㄴ,wlqdks
집안일,ㅈㅣㅂㅇㅏㄴㅇㅣㄹ,wlqdksdlf
집어넣다,ㅈㅣㅂㅇㅓㄴㅓㅎㄷㅏ,wlqdjsjgek
집중,ㅈㅣㅂㅈㅜㅇ,wlqwnd
집중되다,ㅈㅣㅂㅈㅜㅇㄷㅚㄷㅏ,wlqwndehlek
집중적,ㅈㅣㅂㅈㅜㅇㅈㅓㄱ,wlqwndwjr
집중하다,ㅈㅣㅂㅈㅜㅇㅎㅏㄷㅏ,wlqwndgkek
짓,ㅈㅣㅅ,wlt
짓다,ㅈㅣㅅㄷㅏ,wltek
짙다,ㅈㅣㅌㄷㅏ,wlxek
짚다,ㅈㅣㅍㄷㅏ,wlvek
짜다,ㅉㅏㄷㅏ,Wkek
짜증,ㅉㅏㅈㅡㅇ,Wkwmd
짜증스럽다,ㅉㅏㅈㅡㅇㅅㅡㄹㅓㅂㄷㅏ,Wkwmdtmfjqek
짝,ㅉㅏㄱ,Wkr
짧다,ㅉㅏㄼㄷㅏ,Wkfqek
짧아지다,ㅉㅏㄼㅇㅏㅈㅣㄷㅏ,Wkfqdkwlek
쩔쩔매다,ㅉㅓㄹㅉㅓㄹㅁㅐㄷㅏ,WjfWjfaoek
쪽,ㅉㅗㄱ,Whr
쫓겨나다,ㅉㅗㅊㄱㅕㄴㅏㄷㅏ,Whcruskek
쫓기다,ㅉㅗㅊㄱㅣㄷㅏ,Whcrlek
쫓다,ㅉㅗㅊㄷㅏ,Whcek
쭉,ㅉㅜㄱ,Wnr
찌개,ㅉㅣㄱㅐ,Wlro
찌꺼기,ㅉㅣㄲㅓㄱㅣ,WlRjrl
찌다,ㅉㅣㄷㅏ,Wlek
찌르다,ㅉㅣㄹㅡㄷㅏ,Wlfmek
찍다,ㅉㅣㄱㄷㅏ,Wlrek
찍히다,ㅉㅣㄱㅎㅣㄷㅏ,Wlrglek
찢다,ㅉㅣㅈㄷㅏ,Wlwek
찢어지다,ㅉㅣㅈㅇㅓㅈㅣㄷㅏ,Wlwdjwlek
차,ㅊㅏ,ck
차갑다,ㅊㅏㄱㅏㅂㄷㅏ,ckrkqek
차남,ㅊㅏㄴㅏㅁ,ckska
차다,ㅊㅏㄷㅏ,ckek
차라리,ㅊㅏㄹㅏㄹㅣ,ckfkfl
차량,ㅊㅏㄹㅑㅇ,ckfid
차례,ㅊㅏㄹㅖ,ckfP
차리다,ㅊㅏㄹㅣㄷㅏ,ckflek
차림,ㅊㅏㄹㅣㅁ,ckfla
차마,ㅊㅏㅁㅏ,ckak
차별,ㅊㅏㅂㅕㄹ,ckquf
차선,ㅊㅏㅅㅓㄴ,cktjs
차이,ㅊㅏㅇㅣ,ckdl
차이점,ㅊㅏㅇㅣㅈㅓㅁ,ckdlwja
차차,ㅊㅏㅊㅏ,ckck
차창,ㅊㅏㅊㅏㅇ,ckckd
차츰,ㅊㅏㅊㅡㅁ,ckcma
착각,ㅊㅏㄱㄱㅏㄱ,ckrrkr
착각하다,ㅊㅏㄱㄱㅏㄱㅎㅏㄷㅏ,ckrrkrgkek
착하다,ㅊㅏㄱㅎㅏㄷㅏ,ckrgkek
찬물,ㅊㅏㄴㅁㅜㄹ,cksanf
찬성,ㅊㅏㄴㅅㅓㅇ,ckstjd
찬성하다,ㅊㅏㄴㅅㅓㅇㅎㅏㄷㅏ,ckstjdgkek
참,ㅊㅏㅁ,cka
참가,ㅊㅏㅁㄱㅏ,ckark
참가하다,ㅊㅏㅁㄱㅏㅎㅏㄷㅏ,ckarkgkek
참고하다,ㅊㅏㅁㄱㅗㅎㅏㄷㅏ,ckarhgkek
참기름,ㅊㅏㅁㄱㅣㄹㅡㅁ,ckarlfma
참다,ㅊㅏㅁㄷㅏ,ckaek
참되다,ㅊㅏㅁㄷㅚㄷㅏ,ckaehlek
참새,ㅊㅏㅁㅅㅐ,ckato
참석,ㅊㅏㅁㅅㅓㄱ,ckatjr
참석자,ㅊㅏㅁㅅㅓㄱㅈㅏ,ckatjrwk
참석하다,ㅊㅏㅁㅅㅓㄱㅎㅏㄷㅏ,ckatjrgkek
참여,ㅊㅏㅁㅇㅕ,ckadu
참여하다,ㅊㅏㅁㅇㅕㅎㅏㄷㅏ,ckadugkek
참외,ㅊㅏㅁㅇㅚ,ckadhl
참으로,ㅊㅏㅁㅇㅡㄹㅗ,ckadmfh
참조,ㅊㅏㅁㅈㅗ,ckawh
찻잔,ㅊㅏㅅㅈㅏㄴ,cktwks
창,ㅊㅏㅇ,ckd
창가,ㅊㅏㅇㄱㅏ,ckdrk
창고,ㅊㅏㅇㄱㅗ,ckdrh
창구,ㅊㅏㅇㄱㅜ,ckdrn
창문,ㅊㅏㅇㅁㅜㄴ,ckdans
창밖,ㅊㅏㅇㅂㅏㄲ,ckdqkR
창작,ㅊㅏㅇㅈㅏㄱ,ckdwkr
창조,ㅊㅏㅇㅈㅗ,ckdwh
창조적,ㅊㅏㅇㅈㅗㅈㅓㄱ,ckdwhwjr
창조하다,ㅊㅏㅇㅈㅗㅎㅏㄷㅏ,ckdwhgkek
창피하다,ㅊㅏㅇㅍㅣㅎㅏㄷㅏ,ckdvlgkek
찾다,ㅊㅏㅈㄷㅏ,ckwek
찾아가다,ㅊㅏㅈㅇㅏㄱㅏㄷㅏ,ckwdkrkek
찾아내다,ㅊㅏㅈㅇㅏㄴㅐㄷㅏ,ckwdksoek
찾아다니다,ㅊㅏㅈㅇㅏㄷㅏㄴㅣㄷㅏ,ckwdkekslek
찾아보다,ㅊㅏㅈㅇㅏㅂㅗㄷㅏ,ckwdkqhek
찾아오다,ㅊㅏㅈㅇㅏㅇㅗㄷㅏ,ckwdkdhek
채,ㅊㅐ,co
채널,ㅊㅐㄴㅓㄹ,cosjf
채소,ㅊㅐㅅㅗ,coth
채우다,ㅊㅐㅇㅜㄷㅏ,codnek
채점,ㅊㅐㅈㅓㅁ,cowja
책,ㅊㅐㄱ,cor
책가방,ㅊㅐㄱㄱㅏㅂㅏㅇ,corrkqkd
책방,ㅊㅐㄱㅂㅏㅇ,corqkd
책상,ㅊㅐㄱㅅㅏㅇ,cortkd
책임,ㅊㅐㄱㅇㅣㅁ,cordla
책임감,ㅊㅐㄱㅇㅣㅁㄱㅏㅁ,cordlarka
책임자,ㅊㅐㄱㅇㅣㅁㅈㅏ,cordlawk
책임지다,ㅊㅐㄱㅇㅣㅁㅈㅣㄷㅏ,cordlawlek
챔피언,ㅊㅐㅁㅍㅣㅇㅓㄴ,coavldjs
챙기다,ㅊㅐㅇㄱㅣㄷㅏ,codrlek
처녀,ㅊㅓㄴㅕ,cjsu
처리,ㅊㅓㄹㅣ,cjfl
처벌,ㅊㅓㅂㅓㄹ,cjqjf
처음,ㅊㅓㅇㅡㅁ,cjdma
처지,ㅊㅓㅈㅣ,cjwl
척,ㅊㅓㄱ,cjr
척하다,ㅊㅓㄱㅎㅏㄷㅏ,cjrgkek
천,ㅊㅓㄴ,cjs
천국,ㅊㅓㄴㄱㅜㄱ,cjsrnr
천둥,ㅊㅓㄴㄷㅜㅇ,cjsend
천장,ㅊㅓㄴㅈㅏㅇ,cjswkd
천재,ㅊㅓㄴㅈㅐ,cjswo
천천히,ㅊㅓㄴㅊㅓㄴㅎㅣ,cjscjsgl
철,ㅊㅓㄹ,cjf
철도,ㅊㅓㄹㄷㅗ,cjfeh
철저하다,ㅊㅓㄹㅈㅓㅎㅏㄷㅏ,cjfwjgkek
철저히,ㅊㅓㄹㅈㅓㅎㅣ,cjfwjgl
철학,ㅊㅓㄹㅎㅏㄱ,cjfgkr
철학자,ㅊㅓㄹㅎㅏㄱㅈㅏ,cjfgkrwk
철학적,ㅊㅓㄹㅎㅏㄱㅈㅓㄱ,cjfgkrwjr
첫,ㅊㅓㅅ,cjt
첫날,ㅊㅓㅅㄴㅏㄹ,cjtskf
첫째,ㅊㅓㅅㅉㅐ,cjtWo
청년,ㅊㅓㅇㄴㅕㄴ,cjdsus
청바지,ㅊㅓㅇㅂㅏㅈㅣ,cjdqkwl
청소,ㅊㅓㅇㅅㅗ,cjdth
청소기8,ㅊㅓㅇㅅㅗㄱㅣ8,cjdthrl8
청소년,ㅊㅓㅇㅅㅗㄴㅕㄴ,cjdthsus
청소하다,ㅊㅓㅇㅅㅗㅎㅏㄷㅏ,cjdthgkek
청춘,ㅊㅓㅇㅊㅜㄴ,cjdcns
청하다,ㅊㅓㅇㅎㅏㄷㅏ,cjdgkek
체계적,ㅊㅔㄱㅖㅈㅓㄱ,cprPwjr
체력,ㅊㅔㄹㅕㄱ,cpfur
체온,ㅊㅔㅇㅗㄴ,cpdhs
체육,ㅊㅔㅇㅠㄱ,cpdbr
체육관,ㅊㅔㅇㅠㄱㄱㅘㄴ,cpdbrrhks
체조,ㅊㅔㅈㅗ,cpwh
체중,ㅊㅔㅈㅜㅇ,cpwnd
체하다,ㅊㅔㅎㅏㄷㅏ,cpgkek
체험,ㅊㅔㅎㅓㅁ,cpgja
체험하다,ㅊㅔㅎㅓㅁㅎㅏㄷㅏ,cpgjagkek
쳐다보다,ㅊㅕㄷㅏㅂㅗㄷㅏ,cuekqhek
초,ㅊㅗ,ch
초기,ㅊㅗㄱㅣ,chrl
초대,ㅊㅗㄷㅐ,cheo
초대하다,ㅊㅗㄷㅐㅎㅏㄷㅏ,cheogkek
초등학교,ㅊㅗㄷㅡㅇㅎㅏㄱㄱㅛ,chemdgkrry
초등학생,ㅊㅗㄷㅡㅇㅎㅏㄱㅅㅐㅇ,chemdgkrtod
초록색,ㅊㅗㄹㅗㄱㅅㅐㄱ,chfhrtor
초반,ㅊㅗㅂㅏㄴ,chqks
초밥,ㅊㅗㅂㅏㅂ,chqkq
초보,ㅊㅗㅂㅗ,chqh
초보자,ㅊㅗㅂㅗㅈㅏ,chqhwk
초상화,ㅊㅗㅅㅏㅇㅎㅘ,chtkdghk
초순,ㅊㅗㅅㅜㄴ,chtns
초여름,ㅊㅗㅇㅕㄹㅡㅁ,chdufma
초원,ㅊㅗㅇㅝㄴ,chdnjs
초저녁,ㅊㅗㅈㅓㄴㅕㄱ,chwjsur
초점,ㅊㅗㅈㅓㅁ,chwja
초조하다,ㅊㅗㅈㅗㅎㅏㄷㅏ,chwhgkek
초청,ㅊㅗㅊㅓㅇ,chcjd
초청장,ㅊㅗㅊㅓㅇㅈㅏㅇ,chcjdwkd
초청하다,ㅊㅗㅊㅓㅇㅎㅏㄷㅏ,chcjdgkek
초콜릿,ㅊㅗㅋㅗㄹㄹㅣㅅ,chzhfflt
촌스럽다,ㅊㅗㄴㅅㅡㄹㅓㅂㄷㅏ,chstmfjqek
촛불,ㅊㅗㅅㅂㅜㄹ,chtqnf
총,ㅊㅗㅇ,chd
총각,ㅊㅗㅇㄱㅏㄱ,chdrkr
총리,ㅊㅗㅇㄹㅣ,chdfl
총장,ㅊㅗㅇㅈㅏㅇ,chdwkd
촬영,ㅊㅘㄹㅇㅕㅇ,chkfdud
최고,ㅊㅚㄱㅗ,chlrh
최고급,ㅊㅚㄱㅗㄱㅡㅂ,chlrhrmq
최근,ㅊㅚㄱㅡㄴ,chlrms
최대,ㅊㅚㄷㅐ,chleo
최대한,ㅊㅚㄷㅐㅎㅏㄴ,chleogks
최상,ㅊㅚㅅㅏㅇ,chltkd
최선,ㅊㅚㅅㅓㄴ,chltjs
최소,ㅊㅚㅅㅗ,chlth
최소한,ㅊㅚㅅㅗㅎㅏㄴ,chlthgks
최신,ㅊㅚㅅㅣㄴ,chltls
최악,ㅊㅚㅇㅏㄱ,chldkr
최저,ㅊㅚㅈㅓ,chlwj
최종,ㅊㅚㅈㅗㅇ,chlwhd
최초,ㅊㅚㅊㅗ,chlch
최후,ㅊㅚㅎㅜ,chlgn
추가,ㅊㅜㄱㅏ,cnrk
추가되다,ㅊㅜㄱㅏㄷㅚㄷㅏ,cnrkehlek
추가하다,ㅊㅜㄱㅏㅎㅏㄷㅏ,cnrkgkek
추다,ㅊㅜㄷㅏ,cnek
추석,ㅊㅜㅅㅓㄱ,cntjr
추억,ㅊㅜㅇㅓㄱ,cndjr
추위,ㅊㅜㅇㅟ,cndnl
추진,ㅊㅜㅈㅣㄴ,cnwls
추진하다,ㅊㅜㅈㅣㄴㅎㅏㄷㅏ,cnwlsgkek
추천,ㅊㅜㅊㅓㄴ,cncjs
추천하다,ㅊㅜㅊㅓㄴㅎㅏㄷㅏ,cncjsgkek
추측,ㅊㅜㅊㅡㄱ,cncmr
축구,ㅊㅜㄱㄱㅜ,cnrrn
축구공,ㅊㅜㄱㄱㅜㄱㅗㅇ,cnrrnrhd
축구장,ㅊㅜㄱㄱㅜㅈㅏㅇ,cnrrnwkd
축소,ㅊㅜㄱㅅㅗ,cnrth
축제,ㅊㅜㄱㅈㅔ,cnrwp
축하,ㅊㅜㄱㅎㅏ,cnrgk
축하하다,ㅊㅜㄱㅎㅏㅎㅏㄷㅏ,cnrgkgkek
출구,ㅊㅜㄹㄱㅜ,cnfrn
출국,ㅊㅜㄹㄱㅜㄱ,cnfrnr
출근,ㅊㅜㄹㄱㅡㄴ,cnfrms
출근하다,ㅊㅜㄹㄱㅡㄴㅎㅏㄷㅏ,cnfrmsgkek
출발,ㅊㅜㄹㅂㅏㄹ,cnfqkf
출발점,ㅊㅜㄹㅂㅏㄹㅈㅓㅁ,cnfqkfwja
출발하다,ㅊㅜㄹㅂㅏㄹㅎㅏㄷㅏ,cnfqkfgkek
출산,ㅊㅜㄹㅅㅏㄴ,cnftks
출석하다,ㅊㅜㄹㅅㅓㄱㅎㅏㄷㅏ,cnftjrgkek
출신,ㅊㅜㄹㅅㅣㄴ,cnftls
출연,ㅊㅜㄹㅇㅕㄴ,cnfdus
출연하다,ㅊㅜㄹㅇㅕㄴㅎㅏㄷㅏ,cnfdusgkek
출입,ㅊㅜㄹㅇㅣㅂ,cnfdlq
출입국,ㅊㅜㄹㅇㅣㅂㄱㅜㄱ,cnfdlqrnr
출입문,ㅊㅜㄹㅇㅣㅂㅁㅜㄴ,cnfdlqans
출장,ㅊㅜㄹㅈㅏㅇ,cnfwkd
출퇴근,ㅊㅜㄹㅌㅚㄱㅡㄴ,cnfxhlrms
출판,ㅊㅜㄹㅍㅏㄴ,cnfvks
출판사,ㅊㅜㄹㅍㅏㄴㅅㅏ,cnfvkstk
출현하다,ㅊㅜㄹㅎㅕㄴㅎㅏㄷㅏ,cnfgusgkek
춤,ㅊㅜㅁ,cna
춤추다,ㅊㅜㅁㅊㅜㄷㅏ,cnacnek
춥다,ㅊㅜㅂㄷㅏ,cnqek
충격,ㅊㅜㅇㄱㅕㄱ,cndrur
충격적,ㅊㅜㅇㄱㅕㄱㅈㅓㄱ,cndrurwjr
충고,ㅊㅜㅇㄱㅗ,cndrh
충돌,ㅊㅜㅇㄷㅗㄹ,cndehf
충돌하다,ㅊㅜㅇㄷㅗㄹㅎㅏㄷㅏ,cndehfgkek
충분하다,ㅊㅜㅇㅂㅜㄴㅎㅏㄷㅏ,cndqnsgkek
충분히,ㅊㅜㅇㅂㅜㄴㅎㅣ,cndqnsgl
충청도,ㅊㅜㅇㅊㅓㅇㄷㅗ,cndcjdeh
취미,ㅊㅟㅁㅣ,cnlal
취소,ㅊㅟㅅㅗ,cnlth
취소하다,ㅊㅟㅅㅗㅎㅏㄷㅏ,cnlthgkek
취업,ㅊㅟㅇㅓㅂ,cnldjq
취재,ㅊㅟㅈㅐ,cnlwo
취직,ㅊㅟㅈㅣㄱ,cnlwlr
취하다,ㅊㅟㅎㅏㄷㅏ,cnlgkek
취향,ㅊㅟㅎㅑㅇ,cnlgid
층,ㅊㅡㅇ,cmd
치과,ㅊㅣㄱㅘ,clrhk
치다,ㅊㅣㄷㅏ,clek
치료,ㅊㅣㄹㅛ,clfy
치료법,ㅊㅣㄹㅛㅂㅓㅂ,clfyqjq
치료하다,ㅊㅣㄹㅛㅎㅏㄷㅏ,clfygkek
치르다,ㅊㅣㄹㅡㄷㅏ,clfmek
치마,ㅊㅣㅁㅏ,clak
치아,ㅊㅣㅇㅏ,cldk
치약,ㅊㅣㅇㅑㄱ,cldir
치우다,ㅊㅣㅇㅜㄷㅏ,cldnek
치즈,ㅊㅣㅈㅡ,clwm
친구,ㅊㅣㄴㄱㅜ,clsrn
친절,ㅊㅣㄴㅈㅓㄹ,clswjf
친절하다,ㅊㅣㄴㅈㅓㄹㅎㅏㄷㅏ,clswjfgkek
친정,ㅊㅣㄴㅈㅓㅇ,clswjd
친척,ㅊㅣㄴㅊㅓㄱ,clscjr
친하다,ㅊㅣㄴㅎㅏㄷㅏ,clsgkek
친해지다,ㅊㅣㄴㅎㅐㅈㅣㄷㅏ,clsgowlek
칠,ㅊㅣㄹ,clf
칠십,ㅊㅣㄹㅅㅣㅂ,clftlq
칠월,ㅊㅣㄹㅇㅝㄹ,clfdnjf
칠판,ㅊㅣㄹㅍㅏㄴ,clfvks
칠하다,ㅊㅣㄹㅎㅏㄷㅏ,clfgkek
침,ㅊㅣㅁ,cla
침대,ㅊㅣㅁㄷㅐ,claeo
침묵,ㅊㅣㅁㅁㅜㄱ,claanr
침실,ㅊㅣㅁㅅㅣㄹ,clatlf
침착하다,ㅊㅣㅁㅊㅏㄱㅎㅏㄷㅏ,clackrgkek
칫솔,ㅊㅣㅅㅅㅗㄹ,cltthf
칭찬,ㅊㅣㅇㅊㅏㄴ,cldcks
칭찬하다,ㅊㅣㅇㅊㅏㄴㅎㅏㄷㅏ,cldcksgkek
카드,ㅋㅏㄷㅡ,zkem
카레,ㅋㅏㄹㅔ,zkfp
카메라,ㅋㅏㅁㅔㄹㅏ,zkapfk
카운터,ㅋㅏㅇㅜㄴㅌㅓ,zkdnsxj
카페,ㅋㅏㅍㅔ,zkvp
칸,ㅋㅏㄴ,zks
칼,ㅋㅏㄹ,zkf
칼국수,ㅋㅏㄹㄱㅜㄱㅅㅜ,zkfrnrtn
캄캄하다,ㅋㅏㅁㅋㅏㅁㅎㅏㄷㅏ,zkazkagkek
캐나다,ㅋㅐㄴㅏㄷㅏ,zoskek
캐릭터,ㅋㅐㄹㅣㄱㅌㅓ,zoflrxj
캠퍼스,ㅋㅐㅁㅍㅓㅅㅡ,zoavjtm
캠페인,ㅋㅐㅁㅍㅔㅇㅣㄴ,zoavpdls
커다랗다,ㅋㅓㄷㅏㄹㅏㅎㄷㅏ,zjekfkgek
커지다,ㅋㅓㅈㅣㄷㅏ,zjwlek
커튼,ㅋㅓㅌㅡㄴ,zjxms
커피,ㅋㅓㅍㅣ,zjvl
컨디션,ㅋㅓㄴㄷㅣㅅㅕㄴ,zjseltus
컬러,ㅋㅓㄹㄹㅓ,zjffj
컴퓨터,ㅋㅓㅁㅍㅠㅌㅓ,zjavbxj
컵,ㅋㅓㅂ,zjq
케첩,ㅋㅔㅊㅓㅂ,zpcjq
켜다,ㅋㅕㄷㅏ,zuek
켜지다,ㅋㅕㅈㅣㄷㅏ,zuwlek
코,ㅋㅗ,zh
코끝,ㅋㅗㄲㅡㅌ,zhRmx
코끼리,ㅋㅗㄲㅣㄹㅣ,zhRlfl
코너,ㅋㅗㄴㅓ,zhsj
코드,ㅋㅗㄷㅡ,zhem
코미디,ㅋㅗㅁㅣㄷㅣ,zhalel
코스,ㅋㅗㅅㅡ,zhtm
코스모스,ㅋㅗㅅㅡㅁㅗㅅㅡ,zhtmahtm
코치,ㅋㅗㅊㅣ,zhcl
코트,ㅋㅗㅌㅡ,zhxm
코피,ㅋㅗㅍㅣ,zhvl
콘서트,ㅋㅗㄴㅅㅓㅌㅡ,zhstjxm
콜라,ㅋㅗㄹㄹㅏ,zhffk
콤플렉스,ㅋㅗㅁㅍㅡㄹㄹㅔㄱㅅㅡ,zhavmffprtm
콩,ㅋㅗㅇ,zhd
콩나물,ㅋㅗㅇㄴㅏㅁㅜㄹ,zhdskanf
쾌감,ㅋㅙㄱㅏㅁ,zhorka
쿠데타,ㅋㅜㄷㅔㅌㅏ,znepxk
크기,ㅋㅡㄱㅣ,zmrl
크다,ㅋㅡㄷㅏ,zmek
크리스마스,ㅋㅡㄹㅣㅅㅡㅁㅏㅅㅡ,zmfltmaktm
크림,ㅋㅡㄹㅣㅁ,zmfla
큰길,ㅋㅡㄴㄱㅣㄹ,zmsrlf
큰딸,ㅋㅡㄴㄸㅏㄹ,zmsEkf
큰소리,ㅋㅡㄴㅅㅗㄹㅣ,zmsthfl
큰아들,ㅋㅡㄴㅇㅏㄷㅡㄹ,zmsdkemf
큰아버지,ㅋㅡㄴㅇㅏㅂㅓㅈㅣ,zmsdkqjwl
큰어머니,ㅋㅡㄴㅇㅓㅁㅓㄴㅣ,zmsdjajsl
큰일,ㅋㅡㄴㅇㅣㄹ,zmsdlf
큰절,ㅋㅡㄴㅈㅓㄹ,zmswjf
클래식,ㅋㅡㄹㄹㅐㅅㅣㄱ,zmffotlr
클럽,ㅋㅡㄹㄹㅓㅂ,zmffjq
키,ㅋㅣ,zl
키스,ㅋㅣㅅㅡ,zltm
키우다,ㅋㅣㅇㅜㄷㅏ,zldnek
킬로,ㅋㅣㄹㄹㅗ,zlffh
킬로그램,ㅋㅣㄹㄹㅗㄱㅡㄹㅐㅁ,zlffhrmfoa
킬로미터,ㅋㅣㄹㄹㅗㅁㅣㅌㅓ,zlffhalxj
타고나다,ㅌㅏㄱㅗㄴㅏㄷㅏ,xkrhskek
타다,ㅌㅏㄷㅏ,xkek
타락,ㅌㅏㄹㅏㄱ,xkfkr
타오르다,ㅌㅏㅇㅗㄹㅡㄷㅏ,xkdhfmek
타입,ㅌㅏㅇㅣㅂ,xkdlq
타자기,ㅌㅏㅈㅏㄱㅣ,xkwkrl
탁,ㅌㅏㄱ,xkr
탁구,ㅌㅏㄱㄱㅜ,xkrrn
탁월하다,ㅌㅏㄱㅇㅝㄹㅎㅏㄷㅏ,xkrdnjfgkek
탁자,ㅌㅏㄱㅈㅏ,xkrwk
탄생,ㅌㅏㄴㅅㅐㅇ,xkstod
탄생하다,ㅌㅏㄴㅅㅐㅇㅎㅏㄷㅏ,xkstodgkek
탈출하다,ㅌㅏㄹㅊㅜㄹㅎㅏㄷㅏ,xkfcnfgkek
탑,ㅌㅏㅂ,xkq
탓,ㅌㅏㅅ,xkt
태권도,ㅌㅐㄱㅝㄴㄷㅗ,xornjseh
태도,ㅌㅐㄷㅗ,xoeh
태아,ㅌㅐㅇㅏ,xodk
태양,ㅌㅐㅇㅑㅇ,xodid
태어나다,ㅌㅐㅇㅓㄴㅏㄷㅏ,xodjskek
태우다,ㅌㅐㅇㅜㄷㅏ,xodnek
태풍,ㅌㅐㅍㅜㅇ,xovnd
택시,ㅌㅐㄱㅅㅣ,xortl
택하다,ㅌㅐㄱㅎㅏㄷㅏ,xorgkek
탤런트,ㅌㅐㄹㄹㅓㄴㅌㅡ,xoffjsxm
터,ㅌㅓ,xj
터널,ㅌㅓㄴㅓㄹ,xjsjf
터뜨리다,ㅌㅓㄸㅡㄹㅣㄷㅏ,xjEmflek
터미널,ㅌㅓㅁㅣㄴㅓㄹ,xjalsjf
터지다,ㅌㅓㅈㅣㄷㅏ,xjwlek
턱,ㅌㅓㄱ,xjr
털,ㅌㅓㄹ,xjf
털다,ㅌㅓㄹㄷㅏ,xjfek
텅,ㅌㅓㅇ,xjd
테니스,ㅌㅔㄴㅣㅅㅡ,xpsltm
테러,ㅌㅔㄹㅓ,xpfj
테스트,ㅌㅔㅅㅡㅌㅡ,xptmxm
테이블,ㅌㅔㅇㅣㅂㅡㄹ,xpdlqmf
테이프,ㅌㅔㅇㅣㅍㅡ,xpdlvm
텍스트,ㅌㅔㄱㅅㅡㅌㅡ,xprtmxm
텔레비전,ㅌㅔㄹㄹㅔㅂㅣㅈㅓㄴ,xpffpqlwjs
토끼,ㅌㅗㄲㅣ,xhRl
토대,ㅌㅗㄷㅐ,xheo
토론,ㅌㅗㄹㅗㄴ,xhfhs
토론자,ㅌㅗㄹㅗㄴㅈㅏ,xhfhswk
토론하다,ㅌㅗㄹㅗㄴㅎㅏㄷㅏ,xhfhsgkek
토론회,ㅌㅗㄹㅗㄴㅎㅚ,xhfhsghl
토마토,ㅌㅗㅁㅏㅌㅗ,xhakxh
토요일,ㅌㅗㅇㅛㅇㅣㄹ,xhdydlf
토하다,ㅌㅗㅎㅏㄷㅏ,xhgkek
톤,ㅌㅗㄴ,xhs
통1,ㅌㅗㅇ1,xhd1
통12,ㅌㅗㅇ12,xhd12
통계,ㅌㅗㅇㄱㅖ,xhdrP
통과,ㅌㅗㅇㄱㅘ,xhdrhk
통과하다,ㅌㅗㅇㄱㅘㅎㅏㄷㅏ,xhdrhkgkek
통로,ㅌㅗㅇㄹㅗ,xhdfh
통신,ㅌㅗㅇㅅㅣㄴ,xhdtls
통역,ㅌㅗㅇㅇㅕㄱ,xhddur
통일,ㅌㅗㅇㅇㅣㄹ,xhddlf
통일하다,ㅌㅗㅇㅇㅣㄹㅎㅏㄷㅏ,xhddlfgkek
통장,ㅌㅗㅇㅈㅏㅇ,xhdwkd
통제,ㅌㅗㅇㅈㅔ,xhdwp
통증,ㅌㅗㅇㅈㅡㅇ,xhdwmd
통하다,ㅌㅗㅇㅎㅏㄷㅏ,xhdgkek
통합,ㅌㅗㅇㅎㅏㅂ,xhdgkq
통화,ㅌㅗㅇㅎㅘ,xhdghk
퇴근,ㅌㅚㄱㅡㄴ,xhlrms
퇴근하다,ㅌㅚㄱㅡㄴㅎㅏㄷㅏ,xhlrmsgkek
퇴원,ㅌㅚㅇㅝㄴ,xhldnjs
퇴원하다,ㅌㅚㅇㅝㄴㅎㅏㄷㅏ,xhldnjsgkek
퇴직금,ㅌㅚㅈㅣㄱㄱㅡㅁ,xhlwlrrma
투명하다,ㅌㅜㅁㅕㅇㅎㅏㄷㅏ,xnaudgkek
투자,ㅌㅜㅈㅏ,xnwk
투표,ㅌㅜㅍㅛ,xnvy
튀기다,ㅌㅟㄱㅣㄷㅏ,xnlrlek
튀김,ㅌㅟㄱㅣㅁ,xnlrla
튀다,ㅌㅟㄷㅏ,xnlek
튀어나오다,ㅌㅟㅇㅓㄴㅏㅇㅗㄷㅏ,xnldjskdhek
트럭,ㅌㅡㄹㅓㄱ,xmfjr
트이다,ㅌㅡㅇㅣㄷㅏ,xmdlek
특급,ㅌㅡㄱㄱㅡㅂ,xmrrmq
특별,ㅌㅡㄱㅂㅕㄹ,xmrquf
특별하다,ㅌㅡㄱㅂㅕㄹㅎㅏㄷㅏ,xmrqufgkek
특별히,ㅌㅡㄱㅂㅕㄹㅎㅣ,xmrqufgl
특성,ㅌㅡㄱㅅㅓㅇ,xmrtjd
특수,ㅌㅡㄱㅅㅜ,xmrtn
특수성,ㅌㅡㄱㅅㅜㅅㅓㅇ,xmrtntjd
특이하다,ㅌㅡㄱㅇㅣㅎㅏㄷㅏ,xmrdlgkek
특정하다,ㅌㅡㄱㅈㅓㅇㅎㅏㄷㅏ,xmrwjdgkek
특징,ㅌㅡㄱㅈㅣㅇ,xmrwld
특히,ㅌㅡㄱㅎㅣ,xmrgl
튼튼하다,ㅌㅡㄴㅌㅡㄴㅎㅏㄷㅏ,xmsxmsgkek
튼튼히,ㅌㅡㄴㅌㅡㄴㅎㅣ,xmsxmsgl
틀,ㅌㅡㄹ,xmf
틀다,ㅌㅡㄹㄷㅏ,xmfek
틀리다,ㅌㅡㄹㄹㅣㄷㅏ,xmfflek
틀림없다,ㅌㅡㄹㄹㅣㅁㅇㅓㅄㄷㅏ,xmffladjqtek
틀림없이,ㅌㅡㄹㄹㅣㅁㅇㅓㅄㅇㅣ,xmffladjqtdl
틈,ㅌㅡㅁ,xma
티브이,ㅌㅣㅂㅡㅇㅣ,xlqmdl
티셔츠,ㅌㅣㅅㅕㅊㅡ,xltucm
팀,ㅌㅣㅁ,xla
파,ㅍㅏ,vk
파괴하다,ㅍㅏㄱㅚㅎㅏㄷㅏ,vkrhlgkek
파다,ㅍㅏㄷㅏ,vkek
파도,ㅍㅏㄷㅗ,vkeh
파란색,ㅍㅏㄹㅏㄴㅅㅐㄱ,vkfkstor
파랗다,ㅍㅏㄹㅏㅎㄷㅏ,vkfkgek
파리,ㅍㅏㄹㅣ,vkfl
파악하다,ㅍㅏㅇㅏㄱㅎㅏㄷㅏ,vkdkrgkek
파일,ㅍㅏㅇㅣㄹ,vkdlf
파출소,ㅍㅏㅊㅜㄹㅅㅗ,vkcnfth
파티,ㅍㅏㅌㅣ,vkxl
판,ㅍㅏㄴ,vks
판결,ㅍㅏㄴㄱㅕㄹ,vksruf
판단,ㅍㅏㄴㄷㅏㄴ,vkseks
판단하다,ㅍㅏㄴㄷㅏㄴㅎㅏㄷㅏ,vkseksgkek
판매,ㅍㅏㄴㅁㅐ,vksao
판매되다,ㅍㅏㄴㅁㅐㄷㅚㄷㅏ,vksaoehlek
판매하다,ㅍㅏㄴㅁㅐㅎㅏㄷㅏ,vksaogkek
판사,ㅍㅏㄴㅅㅏ,vkstk
팔,ㅍㅏㄹ,vkf
팔다,ㅍㅏㄹㄷㅏ,vkfek
팔리다,ㅍㅏㄹㄹㅣㄷㅏ,vkfflek
팔십,ㅍㅏㄹㅅㅣㅂ,vkftlq
팔월,ㅍㅏㄹㅇㅝㄹ,vkfdnjf
팝송,ㅍㅏㅂㅅㅗㅇ,vkqthd
패션,ㅍㅐㅅㅕㄴ,votus
팩,ㅍㅐㄱ,vor
팩스,ㅍㅐㄱㅅㅡ,vortm
팩시밀리,ㅍㅐㄱㅅㅣㅁㅣㄹㄹㅣ,vortlalffl
팬,ㅍㅐㄴ,vos
팬티,ㅍㅐㄴㅌㅣ,vosxl
퍼센트,ㅍㅓㅅㅔㄴㅌㅡ,vjtpsxm
퍼지다,ㅍㅓㅈㅣㄷㅏ,vjwlek
퍽,ㅍㅓㄱ,vjr
페인트,ㅍㅔㅇㅣㄴㅌㅡ,vpdlsxm
펴내다,ㅍㅕㄴㅐㄷㅏ,vusoek
펴다,ㅍㅕㄷㅏ,vuek
편,ㅍㅕㄴ,vus
편견,ㅍㅕㄴㄱㅕㄴ,vusrus
편리하다,ㅍㅕㄴㄹㅣㅎㅏㄷㅏ,vusflgkek
편안하다,ㅍㅕㄴㅇㅏㄴㅎㅏㄷㅏ,vusdksgkek
편의,ㅍㅕㄴㅇㅢ,vusdml
편의점,ㅍㅕㄴㅇㅢㅈㅓㅁ,vusdmlwja
편지,ㅍㅕㄴㅈㅣ,vuswl
편하다,ㅍㅕㄴㅎㅏㄷㅏ,vusgkek
편히,ㅍㅕㄴㅎㅣ,vusgl
펼쳐지다,ㅍㅕㄹㅊㅕㅈㅣㄷㅏ,vufcuwlek
평,ㅍㅕㅇ,vud
평가,ㅍㅕㅇㄱㅏ,vudrk
평가되다,ㅍㅕㅇㄱㅏㄷㅚㄷㅏ,vudrkehlek
평가하다,ㅍㅕㅇㄱㅏㅎㅏㄷㅏ,vudrkgkek
평균,ㅍㅕㅇㄱㅠㄴ,vudrbs
평범하다,ㅍㅕㅇㅂㅓㅁㅎㅏㄷㅏ,vudqjagkek
평상시,ㅍㅕㅇㅅㅏㅇㅅㅣ,vudtkdtl
평생,ㅍㅕㅇㅅㅐㅇ,vudtod
평소,ㅍㅕㅇㅅㅗ,vudth
평양,ㅍㅕㅇㅇㅑㅇ,vuddid
평일,ㅍㅕㅇㅇㅣㄹ,vuddlf
평화,ㅍㅕㅇㅎㅘ,vudghk
평화롭다,ㅍㅕㅇㅎㅘㄹㅗㅂㄷㅏ,vudghkfhqek
폐지,ㅍㅖㅈㅣ,vPwl
포근하다,ㅍㅗㄱㅡㄴㅎㅏㄷㅏ,vhrmsgkek
포기하다,ㅍㅗㄱㅣㅎㅏㄷㅏ,vhrlgkek
포도,ㅍㅗㄷㅗ,vheh
포도주,ㅍㅗㄷㅗㅈㅜ,vhehwn
포스터,ㅍㅗㅅㅡㅌㅓ,vhtmxj
포인트,ㅍㅗㅇㅣㄴㅌㅡ,vhdlsxm
포장,ㅍㅗㅈㅏㅇ,vhwkd
포장마차,ㅍㅗㅈㅏㅇㅁㅏㅊㅏ,vhwkdakck
포크,ㅍㅗㅋㅡ,vhzm
포함,ㅍㅗㅎㅏㅁ,vhgka
포함되다,ㅍㅗㅎㅏㅁㄷㅚㄷㅏ,vhgkaehlek
포함하다,ㅍㅗㅎㅏㅁㅎㅏㄷㅏ,vhgkagkek
폭,ㅍㅗㄱ,vhr
폭넓다,ㅍㅗㄱㄴㅓㄼㄷㅏ,vhrsjfqek
폭력,ㅍㅗㄱㄹㅕㄱ,vhrfur
표,ㅍㅛ,vy
표면,ㅍㅛㅁㅕㄴ,vyaus
표시,ㅍㅛㅅㅣ,vytl
표시하다,ㅍㅛㅅㅣㅎㅏㄷㅏ,vytlgkek
표정,ㅍㅛㅈㅓㅇ,vywjd
표준,ㅍㅛㅈㅜㄴ,vywns
표현,ㅍㅛㅎㅕㄴ,vygus
표현되다,ㅍㅛㅎㅕㄴㄷㅚㄷㅏ,vygusehlek
표현하다,ㅍㅛㅎㅕㄴㅎㅏㄷㅏ,vygusgkek
푸다,ㅍㅜㄷㅏ,vnek
푸르다,ㅍㅜㄹㅡㄷㅏ,vnfmek
푹,ㅍㅜㄱ,vnr
풀,ㅍㅜㄹ,vnf
풀다,ㅍㅜㄹㄷㅏ,vnfek
풀리다,ㅍㅜㄹㄹㅣㄷㅏ,vnfflek
풀어지다,ㅍㅜㄹㅇㅓㅈㅣㄷㅏ,vnfdjwlek
품,ㅍㅜㅁ,vna
품다,ㅍㅜㅁㄷㅏ,vnaek
품목,ㅍㅜㅁㅁㅗㄱ,vnaahr
품질,ㅍㅜㅁㅈㅣㄹ,vnawlf
풍경,ㅍㅜㅇㄱㅕㅇ,vndrud
풍부하다,ㅍㅜㅇㅂㅜㅎㅏㄷㅏ,vndqngkek
풍속,ㅍㅜㅇㅅㅗㄱ,vndthr
풍습,ㅍㅜㅇㅅㅡㅂ,vndtmq
프랑스,ㅍㅡㄹㅏㅇㅅㅡ,vmfkdtm
프로,ㅍㅡㄹㅗ,vmfh
프로그램,ㅍㅡㄹㅗㄱㅡㄹㅐㅁ,vmfhrmfoa
프린터,ㅍㅡㄹㅣㄴㅌㅓ,vmflsxj
플라스틱,ㅍㅡㄹㄹㅏㅅㅡㅌㅣㄱ,vmffktmxlr
피,ㅍㅣ,vl
피곤,ㅍㅣㄱㅗㄴ,vlrhs
피곤하다,ㅍㅣㄱㅗㄴㅎㅏㄷㅏ,vlrhsgkek
피다,ㅍㅣㄷㅏ,vlek
피디,ㅍㅣㄷㅣ,vlel
피로,ㅍㅣㄹㅗ,vlfh
피로하다,ㅍㅣㄹㅗㅎㅏㄷㅏ,vlfhgkek
피망,ㅍㅣㅁㅏㅇ,vlakd
피부,ㅍ